name,area,average_lat,average_long,max_lat,min_lat,max_long,min_long
Abaeis nicippe,356916.56504526734,33.06034335986159,-110.74966920069204,40.351333,31.349615,-103.237718,-118.728676
Aglais milberti,1527351.7192890644,40.83648282867133,-112.31354829370629,48.951088,32.760645,-104.472516,-124.202591
Agraulis vanillae,54065.54722844064,35.27941479424641,-119.13899346529081,40.656642,31.377451,-104.58371,-123.809352
Amblyscirtes nysa,70883.05246251822,32.9136697,-109.0727163,38.056749,31.390233,-102.610745,-111.188517
Amblyscirtes tolteca,2335.8014960289,31.5577407,-110.5717551,31.869305,31.467498,-109.188197,-111.049712
Anaea aidea,14872.004839837551,31.611525750000002,-110.82009691666667,31.950744,31.399927,-109.164402,-112.893879
Anaea andria,151731.90356636047,37.848268153846156,-103.424244,40.170627,32.385441,-102.103157,-104.987308
Anthocharis cethura,156242.76353099942,34.218431901960784,-115.83854658823529,37.098909,32.316373,-110.710054,-120.835447
Anthocharis julia,1207794.597026348,43.468619358490564,-114.1574431509434,48.477923,38.081131,-105.29345000000001,-122.742504
Anthocharis sara,124416.71949100494,35.15375716475645,-119.12474621346705,48.748017,32.543513,-112.37555,-123.042358
Anthocharis thoosa,440612.30121326447,35.4232855,-109.77455326923076,40.343136,31.763001,-106.334729,-114.139838
Apodemia mormo,142322.11515015364,34.32340853530167,-117.35277083055199,47.514187,31.391267,-104.478453,-121.987919
Apodemia palmerii,89801.42981147766,32.6474256375,-111.5193868625,36.731147,31.342971,-106.734477,-116.475162
Apyrrothrix araxes,5762.078659951687,31.7354007654321,-110.40586661728395,32.428712,31.339433,-109.155866,-111.259545
Asterocampa celtis,226616.06288567185,34.07944014893617,-109.33645140425531,40.210705,31.504703,-103.673953,-112.242717
Asterocampa clyton,428.79565715789795,31.7633985625,-110.8986766875,32.537773,31.569196,-110.71793,-111.049222
Asterocampa leilia,20762.33424884081,32.48325248497854,-111.1830548111588,33.978755,31.342971,-109.069453,-112.849514
Atalopedes campestris,566843.8885506988,38.656789363095236,-117.62749007142857,46.362293,32.270439,-102.276611,-124.209538
Atlides halesus,588242.6599080712,34.93651814851485,-115.47134026732674,42.696667,31.376758,-106.274144,-123.905833
Atrytonopsis edwardsi,20173.91542327404,31.97276368,-110.70430128,33.904616,31.400292,-106.573355,-111.832611
Atrytonopsis lunus,3893.0009857416153,31.6008082,-110.43249113333333,31.883219,31.401445,-109.174898,-111.188517
Atrytonopsis pittacus,23802.114750623703,32.01751955555556,-110.11745322222222,32.425097,31.463677,-106.566458,-111.519827
Autochton cellus,23212.18617206812,32.01021248863636,-109.98650201136364,34.43415,31.390289,-107.82357,-111.619889
Battus philenor,112410.82801130414,36.75233738101035,-118.91599465733414,41.353408,31.341865,-103.313455,-123.813601
Boloria chariclea,504888.301189661,42.72600890909091,-111.54088357142857,48.953285,36.564461,-105.12726,-123.728118
Boloria epithore,288116.77056762576,42.54264795,-121.474175985,48.953239,36.106,-111.370931,-124.047202
Boloria kriemhild,29601.449059963226,43.71778485,-110.5309934,45.348182,40.31147,-109.494428,-112.458569
Brephidium exilis,602438.9054028988,35.3041684359401,-116.74247595590683,46.714571,31.402397,-102.684788,-123.003058
Calephelis arizonensis,5333.745217323303,31.67772696153846,-110.98061796153846,32.475247,31.377098,-110.13776,-111.194934
Calephelis nemesis,87163.65462183952,33.104401174242426,-114.62786116666666,36.018874,31.39888,-104.471368,-120.141227
Calephelis wrighti,20206.739894866943,33.739673555555555,-115.99280651851852,34.050177,33.047238,-111.832611,-117.028165
Callicista columella,168666.6578617096,32.71948281481482,-113.91754118518519,36.134252,31.416775,-110.66258,-118.134029
Callophrys affinis,300464.8606598377,39.37169914583333,-108.22673072916666,43.790428,32.934789,-105.034493,-118.694113
Callophrys dumetorum,85652.89524626732,36.20282236625514,-120.33284095884774,45.989967,32.679356,-116.42557,-123.684966
Callophrys fotis,453668.39047813416,38.15008976923077,-111.95425930769231,40.322492,35.27842,-109.134647,-115.457867
Callophrys mossii,214464.28218746185,38.762631142857146,-120.72671820238095,48.82311,36.009972,-105.266011,-123.935592
Callophrys polios,1113423.9079098701,42.3698648,-113.4971569,46.973962,38.842431,-105.126845,-124.227995
Callophrys sheridanii,1436312.7522192001,40.36963588095238,-113.12793478571429,48.862225,35.883211,-105.104005,-122.891755
Callophrys spinetorum,2043444.6148490906,38.18718223404255,-111.71748961702127,47.747488,31.424415,-104.833072,-122.902852
Carterocephalus palaemon,687600.3767783642,44.85507263157895,-118.67074928947369,48.961296,38.584571,-110.445892,-123.454266
Celastrina ladon,576573.8763599843,37.54526953284672,-118.87725565547446,48.735905,31.35992,-105.289407,-124.526136
Celotes nessus,93346.96715432405,32.425731633333335,-110.53969456666667,34.891472,31.409389,-104.469935,-113.954272
Cercyonis meadi,196215.96171808243,37.959925,-108.21761743478261,47.117576,33.909674,-104.670017,-112.251754
Cercyonis oetus,1330947.7711315155,40.36850501507538,-111.89369426130654,48.801895,32.836796,-104.434368,-122.486785
Cercyonis pegala,1068486.1695629358,40.91342762536023,-117.7506113054755,48.735835,35.063843,-102.201727,-124.399874
Cercyonis sthenele,966343.2896630764,38.073145942857145,-118.55485748571428,47.719933,33.712476,-108.629744,-123.772771
Chlosyne acastus,387667.8294469118,35.97828520555556,-115.17083934444445,47.11705,32.326838,-104.673022,-119.9874
Chlosyne californica,78508.56355035305,34.055680425,-114.8783093,36.158038,31.959071,-111.479588,-117.350197
Chlosyne gabbii,46194.3819411993,34.90193031818182,-119.52917633522728,40.718714,32.475752,-111.625168,-121.89089
Chlosyne gorgone,41575.52859970927,39.970581975,-104.854131425,41.776312,37.635016,-102.170379,-107.097035
Chlosyne hoffmanni,45393.296855807304,40.60852605084746,-121.02088791525424,47.312902,38.761276,-119.892838,-123.310631
Chlosyne lacinia,41862.77295768261,31.9615604009901,-110.2666743960396,36.596,31.341763,-104.277716,-115.520401
Chlosyne nycteis,95629.87862080336,38.58107341935484,-105.69832451612903,40.694345,32.838535,-104.36693,-109.458546
Chlosyne palla,287631.3923626542,38.94012275255102,-120.23479616581632,48.792019,35.384861,-105.20701,-123.857652
Codatractus arizonensis,893.57624527812,31.70762542857143,-110.79238978571429,31.79932,31.390379,-110.2395,-111.188517
Coenonympha haydeni,46455.83723258972,44.875300277777775,-110.75668152777777,46.416918,43.365057,-109.299163,-113.095439
Coenonympha tullia,364958.4894591272,38.46557160703457,-120.60180348453608,48.465278,32.597111,-103.115387,-124.346803
Cogia hippalus,21069.075792312622,31.993446444444444,-110.82007514814815,34.191317,31.348535,-109.299167,-112.165655
Colias alexandra,627781.2468745708,40.400731954545456,-109.27448109090909,46.298347,33.958912,-105.181133,-121.6987
Colias behrii,2818.1791720986366,37.68517848,-119.13802192,37.988811,36.625089,-118.279242,-119.382459
Colias eurytheme,1034956.6964438856,36.97548380620155,-116.295159374031,48.756966,31.35992,-102.376485,-124.093811
Colias meadii,194036.13476639986,40.922286853658534,-107.36365604878048,45.390973,37.886063,-105.606711,-111.372346
Colias philodice,1501580.0890306234,41.052710509259256,-109.53681553703704,48.278018,31.983537,-103.255692,-122.528429
Colias scudderi,53087.61725449562,40.12695192307692,-106.62246238461539,40.949816,37.564567,-105.562318,-110.88882
Copaeodes aurantiaca,148737.41381013393,33.03660096,-111.99371885,36.439453,31.399927,-104.6636,-116.901081
Cyllopsis pertepida,330331.5356090069,34.01695592857143,-109.49109575,39.019083,31.434078,-103.673822,-112.451484
Danaus gilippus,290935.0948036313,33.56928537717391,-112.50195497173912,40.59714,31.352257,-103.120975,-122.021713
Danaus plexippus,232595.9056609273,35.41108493428571,-118.10033442408164,48.018978,31.380283,-102.744527,-124.058243
Deciduphagus augustinus,604191.4294624925,36.990557914634145,-119.26778184146342,48.832196,31.438789,-105.3068,-124.252112
Dymasia dymas,38808.53978061676,32.23840465269461,-111.97919750299401,33.993246,31.351059,-106.947137,-116.537683
Echinargus isola,680828.9248849154,35.096460515486726,-110.0952578738938,41.171224,31.342044,-102.684788,-119.314445
Elkalyce comyntas,109605.7569026947,39.928957824,-121.747677448,46.023216,31.404322,-108.880896,-123.95478
Emesis ares,4976.4269943237305,31.679565666666665,-109.82118833333334,31.88945,31.349158,-109.166423,-110.883151
Emesis zela,3762.4631021022797,32.093405137931036,-110.90633313793103,34.824424,31.445383,-110.282001,-111.889281
Epargyreus clarus,937997.766315937,36.92356223206751,-113.32401143037974,47.382095,31.362495,-104.153749,-123.775007
Erebia callias,130637.5465695858,40.32007551851852,-107.00756655555556,44.949283,38.495733,-105.622545,-110.440793
Erebia epipsodea,595297.290315628,42.96882794,-109.84632994,48.843889,35.764784,-105.021057,-117.736022
Eresia aveyrana,307206.2911307663,38.29950043493151,-120.96798064469178,48.372458,31.406173,-103.773766,-124.403791
Erora quaderna,27266.354217886925,32.06135507692308,-110.31823103846153,34.047769,31.411217,-109.183043,-110.882263
Erynnis afranius,433026.9990724027,36.7116436,-112.57303626666666,43.790428,32.714067,-105.562813,-116.879245
Erynnis brizo,1148446.7804055214,36.29091732692308,-114.98834426923077,40.766023,31.972312,-103.339674,-122.75177
Erynnis funeralis,216778.87678283453,33.97099959201774,-116.7458437804878,40.408373,31.362627,-103.334398,-123.016575
Erynnis icelus,1030871.1486310959,41.05826004347826,-110.54576282608696,47.595775,34.397966,-104.956167,-120.38327
Erynnis pacuvius,807792.9438969493,36.45456972413793,-115.743925,41.112153,31.406377,-105.182195,-123.733939
Erynnis persius,1497343.5216646194,41.797304833333335,-118.45632429166666,48.440895,37.146183,-105.074181,-123.560733
Erynnis propertius,135738.1121698022,37.63278690123457,-121.1934661111111,48.58171,32.606405,-116.435255,-123.414842
Erynnis telemachus,479438.1343793869,38.706944416666666,-108.93724158333333,40.66392,35.730861,-104.834868,-112.115479
Erynnis tristis,104131.76560768485,35.97065065606362,-119.75604062425447,40.650818,31.362617,-108.880273,-123.356588
Euchloe ausonides,507775.0343092084,39.28702142288557,-117.28127234328358,48.705163,36.071,-104.890066,-123.404288
Euchloe hyantis,126515.47189342976,37.678925722222225,-120.99305216666667,42.111222,33.092687,-115.900992,-123.196164
Euchloe lotta,1093674.0209431648,37.21751436842105,-114.63288863157895,43.443038,31.871229,-107.725804,-119.794749
Euphilotes battoides,1074008.2682635784,38.0633655,-115.4594367,45.621825,32.595938,-104.515392,-122.141005
Euphilotes bernardino,46199.14856004715,34.15021193298969,-118.34527315463917,36.597089,32.614191,-116.100935,-121.371125
Euphilotes enoptes,767218.5247884989,39.196234096,-114.431270432,45.67806,32.733195,-105.096619,-123.096163
Euphilotes mojave,19294.600876808167,33.75801111764706,-116.22412311764707,35.38559,32.471192,-114.720429,-116.770217
Euphyes vestris,1022449.6279330254,39.72415667948718,-114.03446344871794,48.718237,32.711011,-104.515197,-124.306787
Euptoieta claudia,655864.4805030823,35.97085461790393,-107.78132472925765,47.91575,31.349094,-102.046625,-116.30172
Euptychia pyracmon,3352.2849822044373,31.679671802631578,-110.39519867105263,32.537452,31.345272,-109.17172,-110.886271
Euptychia rubricata,34411.87102627754,31.915325081967215,-109.81945206557377,34.34036,31.35038,-104.75342,-111.415998
Eurema mexicana,74113.46853889525,32.1302288952381,-110.37189292380953,40.632135,31.346965,-105.298799,-116.179733
Everes amyntula,1847305.649803996,38.93328891441441,-115.36986787387387,48.798314,32.585372,-104.132946,-123.497117
Glaucopsyche lygdamus,942495.588932097,39.2071166251874,-118.67370374362818,48.927068,32.574943,-104.215327,-124.446223
Glaucopsyche piasus,1628647.1594219208,41.69983206153846,-116.13505492307692,47.746144,34.33317,-104.449529,-122.774756
Gyrocheilus patrobas,5941.789806365967,31.73139195121951,-110.23500746341463,32.897339,31.362547,-108.232262,-110.885212
Habrodais grunus,172328.7788732946,38.04236600724638,-121.22585961594203,45.219003,32.896322,-111.738177,-124.143653
Harkenclenus titus,1139067.6751337051,41.04579968421053,-111.11627842105263,47.511827,35.932794,-103.970114,-120.02305
Heliopetes ericetorum,246096.96213963628,35.30098667708333,-118.11941689236112,43.743547,32.202924,-109.294113,-123.243083
Heliopyrgus domicella,11266.462167739868,32.06803890909091,-111.11359509090909,32.312986,31.431981,-110.720939,-112.712248
Hemiargus ceraunus,170853.7762632966,33.26387517931035,-114.0607039137931,37.805195,31.349196,-105.737651,-118.927155
Hesperia colorado,1678836.8841991425,39.404852806451615,-113.64798494354838,48.80558,32.838131,-104.845596,-122.688543
Hesperia columbia,36942.84322834015,37.7444205,-122.18129472727273,42.108169,36.31089,-120.82743,-122.768637
Hesperia harpalus,69416.35758468509,38.7436828,-118.8720603,39.73554,37.90971,-114.222025,-122.821013
Hesperia juba,1263326.7889127731,40.493670559322034,-116.628278,47.902095,32.919542,-105.299301,-124.108193
Hesperia lindseyi,82618.4438085556,38.50107018181818,-121.94204554545455,41.834563,37.503495,-120.022261,-122.654362
Hesperia pahaska,754638.4343690872,34.597683631578946,-109.11821026315789,40.160096,31.345757,-103.685792,-115.566856
Hesperia uncas,366616.62128424644,38.25765069230769,-106.68927615384615,40.954662,36.894,-102.744527,-118.196923
Hylephila phyleus,82301.69511942565,35.15493924579664,-119.05373809807847,41.054167,31.431981,-103.384094,-124.169781
Hypaurotis crysalus,594901.300114274,37.751498964285716,-107.86198107142857,41.209926,31.738917,-103.865311,-113.034296
Icaricia icarioides,1040069.0559135228,39.710832606469005,-118.11922993126684,48.926826,32.715738,-104.153749,-123.758866
Icaricia lupini,1891312.7417373657,37.713249576419216,-112.13959762882097,48.849858,31.404521,-103.993724,-123.273949
Icaricia saepiolus,857532.520668745,40.09145885,-116.54125567142857,47.341561,33.879893,-105.097795,-124.170788
Icaricia shasta,360740.38874283433,38.419588295081965,-117.1035832295082,44.796637,36.249787,-105.622545,-121.76812
Incisalia eryphon,1123243.231896758,40.756224961240314,-116.10996974418605,48.437103,34.085267,-104.757668,-124.19491
Junonia coenia,225941.16847755015,36.759911904899134,-119.98983679646975,44.414501,31.362617,-102.607356,-124.221328
Junonia nigrosuffusa,118162.87377357483,32.292228,-110.4112567368421,35.91964,31.377238,-105.712668,-112.971962
Kricogonia lyside,28700.388359308243,32.0305771,-110.8057677,33.463,31.413552,-109.188383,-111.944
Leptotes marina,184100.88642692566,33.82618266734417,-115.58712994918699,40.545326,31.349062,-102.611003,-122.311292
Lerodea eufala,93475.3818847686,33.96860868441065,-117.20512666539923,39.278026,31.39036,-110.239388,-121.944413
Libytheana carinenta,134691.97401732206,32.759914068345324,-110.92512283093525,40.170529,31.337875,-103.911987,-116.572811
Limenitis archippus,1117956.5104928017,38.8255994375,-109.91625340178571,46.991833,31.404779,-102.606574,-120.51445
Limenitis arthemis,220734.01343667507,33.114016211111114,-110.1553232,48.797263,31.362598,-105.661626,-113.88471
Limenitis bredowii,338008.92551004887,36.19938800340909,-118.56828809375,44.921918,31.340277,-104.395854,-124.446194
Limenitis lorquini,521520.45429188013,38.67325489377049,-120.52184819344262,48.978626,32.537213,-112.7105,-124.362366
Limenitis weidermeyerii,853381.1325023174,38.93418125257732,-109.81026542783505,46.870055,32.684554,-103.97,-119.255386
Lycaeides melissa,1988811.188448906,38.76929819736842,-111.46632185526316,48.774388,32.617053,-102.647458,-120.786261
Lycaena arota,575193.1264293492,38.07309188235294,-116.73037772352941,43.344102,32.753364,-104.83288,-123.772385
Lycaena dorcas,563433.8958425522,41.0395938,-107.82624326666667,46.16582,35.72271,-105.440752,-111.206379
Lycaena editha,378177.903619647,39.83166060176991,-117.79998696460177,48.372353,36.572354,-105.600695,-122.522627
Lycaena gorgon,42529.87845733762,37.55294869458128,-121.53968058128079,42.541828,32.687903,-116.438205,-124.06572799999999
Lycaena helloides,993219.3578855991,40.36930128888889,-117.45922414444445,48.95368,32.684825,-104.801756,-124.014228
Lycaena heteronea,968876.4022032022,40.412314345,-115.432333985,48.571545,36.145829,-105.188025,-123.441351
Lycaena mariposa,715787.4622480869,44.81692690909091,-119.2171996969697,48.953336,37.729794,-107.436998,-123.9825
Lycaena nais,102472.54411293566,33.078475045454546,-110.13951322727273,39.9309,31.410333,-105.274609,-112.474839
Lycaena nivalis,1019398.7710819244,40.87440292682927,-116.09175612195122,47.272015,36.097017,-105.395162,-122.510547
Lycaena rubidus,588254.0005333424,38.72027193430657,-113.05735724087592,45.208639,33.520589,-104.831661,-120.346219
Lycaena xanthoides,59933.91938698292,36.61546260344828,-120.71690578735632,44.051678,32.624297,-116.524601,-123.159242
Mastor eos,134369.41025805473,33.185448666666666,-108.53406853333334,38.477601,31.342971,-102.535723,-111.194621
Mastor exoteria,31798.654500961304,31.82347581818182,-110.01223445454545,32.912511,31.377202,-107.774543,-110.880206
Mastor fimbriata,1277.260637998581,31.7665184,-109.64228293333333,31.937136,31.415057,-109.266482,-110.320278
Mastor vialis,789287.0813974738,40.44122241666667,-108.0607235,48.689625,37.573931,-104.153749,-119.688706
Megathymus yuccae,372819.71401643753,35.4824797,-112.98702589999999,39.027839,32.8459,-106.169682,-116.570196
Melitaea texana,19541.522917449474,32.089795354497355,-110.66171838095238,35.130204,31.399538,-105.505787,-112.165444
Microtia elva,1772.6618660092354,31.610497249999998,-110.92039122222222,31.79915,31.390571,-110.397458,-111.252656
Ministrymon leda,75520.88266223669,32.50991306024096,-111.20942653012048,36.031419,31.343533,-106.599442,-116.996959
Mitoura gryneus,1683645.627779007,37.422325688995215,-113.84894833014354,48.715409,31.381779,-103.024492,-123.731097
Mitoura nelsoni,110872.98694586754,38.73737832631579,-121.0175012631579,42.275423,33.313216,-116.576032,-122.867074
Mitoura siva,916810.6425824165,35.67569156923077,-110.31495052307692,45.811678,31.356676,-103.44582,-118.948259
Nathalis iole,753162.965714097,34.655471129511675,-111.36660721868365,42.167588,31.361628,-102.537332,-119.799471
Neominois ridingsii,291749.8758751452,37.945584810810814,-114.40376581081081,41.432787,34.747624,-104.600143,-120.226561
Neophasia menapia,1505237.321647644,41.51426788950276,-118.04906805524863,48.736642,32.71078,-104.359543,-124.288602
Neophasia terlooii,700.9476799964905,31.650357,-110.64679346666667,32.205125,31.41607,-110.285106,-110.881
Nymphalis antiopa,660321.7724232376,36.421400052760134,-117.299705,48.954462,31.427711,-102.684788,-124.209105
Nymphalis californica,519621.0259565115,39.55389483457627,-120.47143715728814,48.735835,31.7272,-105.166108,-124.320674
Oarisma garita,874058.3724616766,38.3229396969697,-109.13693833333333,48.470531,33.880463,-105.097836,-117.601293
Occidryas anicia,872944.9796503782,39.91800268224299,-108.75146358878504,48.781353,32.961472,-104.83379,-119.322524
Occidryas chalcedona,76315.85809451342,36.856239096834265,-121.08505449099938,42.716912,32.628497,-111.484623,-123.884395
Occidryas colon,255411.87688030303,46.08422115789474,-121.40192344736842,48.91588,41.14403,-113.4316,-123.494997
Occidryas editha,496455.29099315405,39.566220518181815,-120.3629372030303,48.810186,34.200551,-105.535422,-123.791348
Ochlodes agricola,52954.11696124077,36.99957565437788,-121.46929169585253,40.71368,32.976379,-116.663687,-123.561698
Ochlodes snowi,69784.28106689453,34.16313869230769,-107.76613976923078,40.075558,31.895273,-104.74527,-109.281268
Ochlodes sylvanoides,729313.3452222943,39.60909085776236,-119.79318911274935,48.982354,32.713075,-104.365864,-124.408999
Oeneis chryxus,755364.5298871994,39.9166737,-112.55964608,45.036459,35.832105,-105.383785,-120.26764
Oeneis nevadensis,262950.46141290665,43.00188153333333,-121.70997895555556,48.477923,39.647224,-120.186196,-123.909995
Oeneis polixenes,342300.1631909609,34.812590106060604,-113.83193492424242,39.8867,31.346198,-105.066295,-117.383509
Panoquina errans,12414.902885913849,33.481946593220336,-118.00428557627119,34.561312,32.42916,-117.112318,-119.961514
Papilio eurymedon,677670.1398819089,38.362300408163264,-119.77424768979591,48.787072,32.61941,-104.827922,-124.358365
Papilio indra,1208568.1609611511,39.88208508196721,-113.65472006557377,45.817749,32.925598,-105.182422,-123.979278
Papilio machaon,1507573.5611037612,39.390841,-112.02489242105263,47.897227,34.361725,-104.513161,-120.050939
Papilio multicaudata,1140155.2541918755,37.244175586826344,-110.51461902594811,48.798214,31.350645,-103.563412,-122.905508
Papilio rumiko,29391.299521148205,33.4974412140625,-116.797468465625,36.232427,31.404779,-110.23243,-119.889397
Papilio rutulus,646208.2831846774,37.91456996620657,-119.28662981294622,48.91269,31.414072,-104.45581,-124.212533
Papilio zelicaon,246175.67891971767,37.620787705533594,-120.65662985424902,48.935103,32.532894,-104.746296,-124.435611
Paratrytone melane,34339.251384451985,36.32603888395904,-120.79747798703072,40.71983,32.547407,-116.56715,-123.366125
Parnassius clodius,438315.58830595016,42.603937476666665,-120.25818116333333,48.92638,36.115642,-110.470104,-124.108365
Parnassius smintheus,523455.36498093605,41.100196069148936,-109.27923670212766,48.849937,35.792651,-104.731743,-123.377235
Philotes pallescens,126009.97756099701,36.5712355,-117.23948385714286,39.654115,33.930375,-112.270298,-119.186749
Philotes sonorensis,54554.75601863861,36.70668246875,-120.51451337499999,38.910537,33.003627,-116.231156,-121.996796
Phoebis agarithe,59203.29042553902,33.48738160784314,-116.73371501960784,34.247093,31.399927,-110.797426,-118.508217
Phoebis sennae,73577.65984910727,33.272331564102565,-115.69417239743589,40.171439,31.381776,-104.512212,-119.848056
Pholisora catullus,1018773.3393242359,35.56430643137255,-111.93401655882353,46.678718,31.398708,-102.620493,-122.499512
Pholisora libya,222300.22819900513,35.56329748275862,-115.55837472413793,42.677823,32.758297,-109.755694,-118.346786
Phyciodes picta,204806.9823551178,34.875636,-106.50526596875,38.33347,31.399927,-102.684788,-111.089203
Phyciodes tharos,803695.6947048604,38.987451001490314,-117.09241652011923,48.807047,31.40095,-103.889787,-124.20082
Pieris marginalis,371061.25086027384,39.58930281532417,-120.43762789390962,48.926197,33.881112,-105.537346,-124.104198
Pieris rapae,339125.80174455047,37.19965516577947,-118.90027883954373,48.971943,31.460463,-103.118153,-124.434015
Piruna aea,2697.604102373123,31.527729733333334,-110.71394213333333,31.798671,31.349639,-110.227936,-111.238251
Piruna pirus,254670.8828933835,39.19004711290322,-107.2674505967742,43.686417,33.991236,-104.436994,-112.43907
Piruna polingii,84762.29549741745,32.6452677826087,-107.76263039130434,34.380494,31.430106,-105.648909,-111.097577
Plebejus anna,180575.8867225647,43.34624438888889,-121.11980029166666,48.953478,37.671066,-119.02751,-122.657444
Plebejus idas,612322.2830963135,44.952796615384614,-113.18294807692308,48.80558,37.804655,-107.51393,-119.654461
Poanes taxiles,299664.8031922579,36.59088129378531,-107.2619214519774,42.654779,31.411881,-103.26376,-113.05261900000001
Poladryas minuta,322049.73405718803,36.09480525714286,-110.19293702857142,40.712718,33.650369,-103.685891,-114.011511
Polites mystic,399280.1246819496,38.41710291935484,-118.44172298387097,48.514305,34.173732,-104.999221,-122.699595
Polites peckius,20771.54823769629,39.14119933333333,-105.68974353333333,40.410556,33.880713,-104.875369,-109.514229
Polites sabuleti,609519.5856704712,37.9729646142132,-118.46476418274112,46.991606,32.547407,-104.801762,-124.345863
Polygonia faunus,1202025.4034194946,43.3869688974359,-113.59688902564103,48.9465,33.960162,-105.549282,-123.872625
Polygonia gracilis,1510787.2748090029,39.73282163396227,-112.46108911320755,48.953408,32.554419,-104.472516,-123.79018
Polygonia interrogationis,663203.445438385,36.01717468181818,-106.59046363636364,39.740458,31.787801,-102.694359,-112.48431
Polygonia oreas,80567.44960132241,38.54683238095238,-122.19370966666666,47.915148,36.476333,-117.115524,-124.111767
Polygonia satyrus,778278.2874355316,38.73273921987952,-118.84369336445783,48.926111,31.405468,-104.462881,-124.07251
Polygonia zephyrus,1049956.0527834892,38.932330229166666,-115.2369633125,46.791128,32.948035,-104.816111,-121.733108
Pontia beckerii,953266.519150734,38.25437207638889,-116.96312394444445,47.940281,32.713342,-107.261216,-122.449477
Pontia occidentalis,1478281.4760813713,42.28432171287129,-115.13008380198019,48.926,35.777218,-104.7057,-122.1687
Pontia protodice,1260868.379687935,35.456978820558525,-113.44453502495544,47.02807,31.346147,-102.64801,-123.970518
Pontia sisymbrii,1029994.3922239542,37.04928827472528,-116.27946661538462,43.790428,31.972312,-105.27851,-122.83897
Pyrgus centaureae,326635.24566709995,40.4263197,-108.4009828,44.940165,37.138677,-105.215421,-110.903836
Pyrgus ruralis,787969.9948876798,40.14224614049587,-121.05935959504133,48.717878,33.25141,-105.806825,-123.928751
Pyrgus scriptura,558570.6016111374,35.380377555555555,-115.91844483333334,38.5997,31.54792,-104.471181,-121.835754
Pyrisitia proterpia,21141.4202388525,31.79714047368421,-110.49512624561403,33.350117,31.38108,-105.954282,-111.974583
Sandia mcfarlandi,1324.8438012003899,34.274365714285715,-106.80208585714286,35.20207,32.143917,-106.461081,-107.618637
Satyrium auretorum,123994.98398780823,34.837529789473685,-118.59224605263158,38.514217,32.649392,-116.143835,-122.079679
Satyrium behrii,264546.0290545225,38.87784464473684,-117.69583578289473,44.10465,33.873415,-105.298733,-121.828605
Satyrium calanus,204656.51091384888,37.7977505,-105.62338441666667,39.430428,35.193827,-103.875472,-109.296209
Satyrium californica,462394.42759770155,38.43672799484536,-120.34240798453608,48.467678,32.673049,-107.724583,-123.626842
Satyrium semiluna,800491.5568113327,42.16267881481482,-117.91050107407408,47.445195,38.221307,-106.226845,-121.723538
Speyeria adiaste,1095.533621788025,36.90185614285714,-121.8551515,37.292018,36.294372,-121.419716,-122.158729
Speyeria aphrodite,87181.56892581284,39.90953558823529,-105.67522461764706,47.663412,35.020625,-104.299104,-120.112578
Speyeria atlantis,1011053.5975966454,37.72740901869159,-109.16706456074766,48.797815,32.662407,-104.441323,-123.496159
Speyeria callippe,808520.7264490128,38.77967124332344,-118.86519976854599,48.427424,32.610895,-104.681642,-123.618462
Speyeria coronis,963345.5636886358,38.36811141134752,-117.82291338297873,48.80558,32.786737,-104.830738,-122.644844
Speyeria cybele,1172769.817484498,41.46421522340425,-113.0168335,48.736231,35.865091,-105.326881,-122.703242
Speyeria edwardsii,83374.00643925369,40.65764461538461,-105.6969565,45.192727,37.061761,-104.132946,-109.340149
Speyeria egleis,622931.8777942657,39.98695293220339,-117.48280769491525,46.988946,35.943794,-107.320332,-122.88311
Speyeria hydaspe,986740.9164762497,43.13301043373494,-120.31855710843374,48.953403,35.725193,-109.631515,-124.104824
Speyeria leto,255859.86735081673,40.7416452,-119.9118326,48.064997,38.191407,-114.163529,-123.846881
Speyeria mormonia,949569.7184935063,41.867255263392856,-111.92026270535715,48.953693,33.95881,-104.132946,-121.876374
Speyeria nokomis,115464.28711894155,37.318726133333335,-116.61222426666667,39.399193,34.009519,-109.458546,-119.820508
Speyeria zerene,967683.4247467518,40.89747769432314,-119.47747858951965,48.912955,37.628978,-105.34202,-124.176235
Staphylus ceos,19608.627277076244,31.880525670103093,-110.51449237113403,34.810242,31.409389,-106.56168,-112.69593
Strymon melinus,531621.4750877321,36.271199169902914,-117.95469356019417,48.673005,31.345846,-102.271768,-124.149628
Strymon saepium,377253.0233657062,37.52120522741433,-119.99330801246106,47.578583,32.582143,-105.225978,-122.928528
Strymon sylvinus,497022.3029408455,36.559585573863636,-118.33382532954545,47.675184,32.547407,-105.885778,-123.771977
Systasea zampa,91301.36942826211,32.72884997142857,-111.20250502857142,36.111634,31.404779,-106.558403,-116.434065
Texola perse,3960.3320302963257,31.72846280851064,-110.79889727659574,33.936802,31.365377,-110.241755,-111.710262
Thecla dryope,28564.137215852737,36.93110422,-120.54586948000001,38.518206,34.163968,-118.734135,-122.387668
Thecla iroides,79508.67596614361,37.273556543689324,-121.43926488349514,46.013643,32.73452,-116.279018,-123.870386
Thecla johnsoni,27833.1243724823,40.1864075,-120.5303414,41.919207,38.638006,-120.143612,-121.335393
Thecla tetra,156017.09361743927,35.58037981481481,-119.58746337037037,41.710227,32.681785,-115.615372,-122.19328
Thessalia leanira,691151.6623194814,37.12944707462687,-117.54831982089553,42.721677,31.368148,-104.83288,-123.715104
Thessalia theona,71589.62884485722,32.3086210625,-110.0632259375,34.912997,31.345739,-105.886198,-112.743001
Thorybes mexicana,144196.278449893,38.08609383333334,-117.97036661111112,39.489856,35.972524,-106.276169,-120.179084
Thorybes pylades,870054.2273186445,36.05778675,-116.32988537903226,45.621793,31.401966,-104.365535,-123.619775
Thymelicus lineola,147476.1431759596,45.11121527027027,-111.34630351351352,48.266611,40.49905,-106.947608,-115.597315
Urbanus dorantes,6725.259127140045,31.645127578947367,-110.93012742105263,32.351,31.382497,-110.349212,-111.194165
Vanessa annabella,238233.72179451585,36.578232717139855,-120.10950441430073,47.925502,31.538025,-104.435309,-124.210396
Vanessa atalanta,397907.40409369767,37.4230235280528,-119.05855399669967,48.92457,31.416139,-102.779468,-124.404565
Vanessa cardui,762055.4310453236,36.37927454978684,-116.58638474193057,48.927582,31.339433,-102.227514,-124.664111
Vanessa virginiensis,442372.7126687467,36.8421024959893,-119.06182854411765,48.808164,31.340443,-102.274389,-124.40119
Zerene cesonia,216967.57722103596,32.73806781052632,-110.418767,38.284387,31.346096,-103.352058,-117.407754
Zerene eurydice,80767.57596874237,35.95506875206612,-120.12087883471074,39.352894,32.783843,-116.408047,-123.396788
Zerynthia polyxena,378171.51836664975,34.973213655172415,-107.179649375,40.89307,31.345725,-102.274375,-117.285244
