"long","lat","mypoints.id","ppt_fal","ppt_spr","ppt_sum","ppt_win","tmax_fal","tmax_spr","tmax_sum","tmax_win","tmin_fal","tmin_spr","tmin_sum","tmin_win","ppt_ann","tmax_ann","tmin_ann"
-124,40.87,"BlueLakeCA",94.9306937204737,116.824625449116,14.4391429059074,198.584020037229,17.8519047652783,15.0454353864501,18.8126190081746,13.0354149357802,7.00587072745472,5.49491156526163,10.0881496156965,3.57580272062701,106.194620528182,16.1863435239208,6.54118365725996
-123.7833,46.0167,"ClatsopOR",297.934231362375,267.083592771673,71.7680000966909,419.496035906733,15.9916938437897,13.8760407571079,22.2764829518844,7.73344899521393,5.75546940512398,3.58475510223585,9.3613537541863,1.06135374275955,264.070465034368,14.969416636999,4.94073300107642
-123.5813,46.3568,"WesternWahkiakumCo",250.792639866978,209.639972887883,58.4642926935031,368.584878155974,16.9744081335003,14.8674965877922,22.3242788509447,8.86902719938836,4.54502720882495,3.47410204357841,8.87654422902737,0.49866666547878,221.870445901085,15.7588026929064,4.34858503672738
-123.55,44.51,"MarysPeakOR",256.252837369637,219.122550779459,33.4360135364137,465.804144917702,14.5102789239819,11.6238095289996,21.8100952031661,6.07682311940355,5.89646255996294,2.45634693675199,9.5630340543734,0.127020411269397,243.653886650803,13.5052516938878,4.51071599058943
-123.18,47.43,"DowMountainWA",246.77028502899,177.512081728501,39.1419794077725,344.049965177264,15.8171292746148,14.9510203737791,24.1139115703349,7.38370748279857,5.6071904871334,3.69766667310377,10.5203605314501,0.273843533873438,201.868577835632,15.5664421753818,5.02476530639018
-123.0886,44.0335,"EugeneOR",98.6304694456714,92.6005577003064,21.4678163159461,161.821972814547,18.1882517256704,16.095802754772,26.2485305500679,9.03624491464524,5.79631972231833,4.42710203905495,10.0345986813915,1.35142856499269,93.6302040691177,17.3922074862889,5.40236225193937
-122.95,46.83,"PugetPrairiesWA",118.815625930724,96.1330273848813,29.1756598612889,167.727748809218,16.4596938600346,15.5526462282453,24.2226666301286,8.26264624044198,5.50175510823321,3.94607483205341,10.2404625691524,0.897462584206607,102.963015496528,16.1244132397126,5.14643877341141
-122.8667,38.0833,"PointReyesCA",66.052476180654,78.2942719370329,4.0288435249355,188.493625722775,20.8716870392261,18.2981224384438,23.9872381379004,13.5273129664311,9.89773469392945,7.31855102461212,10.9208367146602,5.54906122619603,84.2173043413493,19.1710901455003,8.42154591484946
-122.8064,42.0506,"SiskiyouCrest",77.9400408730215,106.334177007481,20.9527687363985,176.825169822797,13.2249319650689,9.89125851709015,21.692612265243,4.11042177859618,4.29672790179346,-0.277299321148874,9.20191837816822,-2.27424490431222,95.5130391099243,12.2298061314996,2.73677551362515
-122.77,45.43,"TigardOR",97.2670410109215,85.5655987797951,24.3034150014397,150.230252006427,17.9167142465812,16.5727007080909,25.9083401556729,8.98893195269059,7.17168026828036,5.68406802618585,12.0764489790209,1.92154421429245,89.3415766996458,17.3466717657589,6.7134353719449
-122.75,45.58,"PortlandOR",96.4636194211285,87.4247213837241,26.6666801188404,149.613231821125,17.7255714150513,16.3047143261449,25.4782176115075,8.68104761149607,7.29684352606129,5.76261903882838,12.5203537194907,1.70014966435122,90.0420631862045,17.0473877410499,6.81999148718291
-122.7,41.77,"YrekaCA",46.4948300471922,43.242013613383,19.8727211702843,91.2748842531321,17.2351224633301,14.2601700834677,27.4048094717013,6.38899999410928,5.35555783839149,1.71308163675119,11.4314966136906,-1.64386395705851,50.2211122709979,16.3222755031521,4.2140680329437
-122.6833,38.3333,"SonomaCo",49.3386461461449,59.4533197740916,2.75216325949624,141.791570953771,23.5777006862926,20.4374966524085,27.2582313122392,14.9180271706614,7.93367345803449,6.39358504613241,10.451898003922,3.61751700694464,63.333925033376,21.5478639554004,7.09916837875839
-122.6,42.13,"AshlandOR",45.5989794524348,51.7980408992897,14.3194558606768,76.796735049916,18.869197258333,16.4409660027952,28.4873945404883,8.44797960430586,3.35897279846273,1.82791156027162,9.81859183473652,-2.3270952353368,47.1283028155793,18.0613843514806,3.16959523953352
-122.58,44.63,"SnowPeakOR",241.761720433527,264.853916570443,56.2953947699394,378.695721580869,13.0633877296837,10.5018299615302,20.1146463472016,5.8977959115489,4.43342856910764,1.05974149990662,9.17531288399989,-1.47242176716476,235.401688338695,12.3944149874911,3.29901529646235
-122.5655,37.9663,"MarinCo",75.3194626600934,87.7741288756223,3.14499318225113,222.57909605941,22.7658367935492,19.9536802655175,27.4675238213572,14.2016462339025,10.0941632167012,7.8600135952437,11.4459931704463,5.73921089107488,97.2044201943442,21.0971717785816,8.78484521836651
-122.4644,42.123,"CascadeSiskiyouNationalMonument",59.9358025304451,67.2832242939748,19.2416326322761,103.481156368645,15.5319592093124,12.4040815830231,25.1056599519691,4.90483672602647,3.9511836614257,0.367353743328681,9.79813606560636,-2.98959183343211,62.4854539563352,14.4866343675828,2.78177040923216
-122.4605,47.422,"VashonIslandWA",106.412584979112,84.2166736401668,28.6078707557552,147.147340417719,15.8868299471278,14.9686870964206,23.4749591853343,8.23929932977066,7.39610205540041,5.58960543522219,11.6777822792936,2.33558503290017,91.5961174481884,15.6424438896633,6.74976870070408
-122.4385,37.7643,"SanFranciscoCA",42.1455239535493,53.2309183090304,2.4101360530979,121.661244040241,20.2373605520547,17.2746190830153,20.4007006275411,14.3365578489239,11.0021020441639,8.5072380993642,11.1843129047731,7.56796598758827,54.8619555889797,18.0623095278837,9.56540475897238
-122.4363,37.6875,"SanBrunoMountainCA",37.4913740171766,50.6334353804234,2.43066666999968,117.254823354839,20.2866870789301,17.4077006748744,20.9648435034719,14.4123129228345,10.9376598539807,8.7172516868228,11.7661564820478,7.00203403161497,51.9525748556098,18.2678860450278,9.60577551361655
-122.42,37.78,"SanFranciscoCA(old)",35.9598232447764,45.337755031833,2.13742856144094,104.438843750344,19.8931224005563,17.3325714383807,19.6527619913322,14.7333129311905,12.0176258443975,9.88288432724622,12.3573877697899,8.20916325056634,46.9684626470986,17.9029421903649,10.616765298
-122.2577,37.872,"BerkeleyCA",43.3367688946274,55.5487349501044,2.79235373923973,123.609986272799,20.9412040775325,18.3522925214703,23.1713605867762,13.6835714262359,10.8771360747668,8.18208166693343,11.9771292225844,6.01087756870555,56.3219609641926,19.0371071530037,9.26180613324756
-122.25,41.25,"MountShastaCA",99.9017349258572,128.517918859209,15.2837619096529,249.905381087543,18.9155645986804,15.9165850658806,28.396966038918,8.19965308701911,4.66891836145652,2.42846258666341,11.0037551250588,-1.59047618794705,123.402199195566,17.8571921976245,4.12766497130791
-122.1847,38.0691,"BeniciaCA",33.7929524103058,43.9421088590103,1.90848300472808,100.541414567402,23.6264285911508,21.4088435010845,29.1711360126937,14.1351836652172,9.71717685582686,7.99006123769851,12.4502788984857,4.73623810455102,45.0462397103616,22.0853979425365,8.72343877414052
-122.17,38.5,"QuailRidgeEcologicalReserveCA",38.5288571991077,54.6987281156843,2.10481633191143,135.783748421945,24.6714625585647,21.3912857276242,32.5318298339844,14.2446598520084,8.97024488449097,6.53325850704089,13.5598775318691,2.91823128149623,57.779037517162,23.2098094930454,7.99540305122429
-122.15,38.52,"LakeBerryessaCA",38.5288571991077,54.6987281156843,2.10481633191143,135.783748421945,24.6714625585647,21.3912857276242,32.5318298339844,14.2446598520084,8.97024488449097,6.53325850704089,13.5598775318691,2.91823128149623,57.779037517162,23.2098094930454,7.99540305122429
-122.0855,44.3158,"BrowderRidgeOR",229.427415066836,232.493264801648,58.3087071688706,373.091277609066,13.3897687541384,10.4011564757548,22.0667618148181,4.87608161933568,3.79791835259621,0.264102047283938,8.63704082592815,-2.23538096036547,223.330166161605,12.6834421660118,2.61592006636071
-122.05,37.48,"SouthSanFranciscoBayCA",22.907401237206,30.3590544727663,1.53425170918515,67.1784898967159,21.8854081484736,19.5698843196947,24.4636531103225,15.1200340167195,11.4560612204934,9.93681631931642,13.9796258316559,6.18250338804154,30.4947993289683,20.2597448988026,10.3887516898768
-121.92,47.57,"FallCityWA",118.335251433509,100.51606807579,38.9207754094078,150.316652667766,16.3377210461364,15.1334217227235,23.3022449259855,8.66108160278424,6.81110203570249,5.39011564952176,11.8123061251478,1.89212925354538,102.022186896618,15.8586173244074,6.47641326597936
-121.8871,37.9511,"MountDiabloCA",24.9528707766107,38.1487483469085,1.88091833666474,83.4844351476755,22.9354489903872,19.6968571085508,28.2608231525032,12.8280544864888,10.4172653049028,7.55446937457234,13.6721769060407,4.13808162064374,37.1167431519649,20.9302959344825,8.9454983015399
-121.86,39.73,"BidwellParkCA",42.3673674696993,54.981421972465,4.99945579148547,116.006612549023,25.0477483321209,22.5760476183729,33.0113944488318,13.9167890613582,9.21164623409712,7.98746258547517,15.5410612910783,2.95853740781495,54.5887144456681,23.637994865171,8.92467687961639
-121.8185,36.5418,"Monterey",26.3434420337356,40.0608843813973,1.90545575105234,86.3027412745417,21.1422721317836,18.784918324477,22.680727900291,16.1905986435559,9.16182993220634,7.01153740915311,10.4998911319136,5.29302720796494,38.6531308601817,19.6996292500269,7.99157142030949
-121.75,42,"LowerKlamathLakeNorth",22.9380204186958,25.7213537263221,12.4728231292446,33.3822926469401,17.1656054023172,14.3730339517399,26.8357618682239,5.23395237286075,-0.613700681042915,-0.471034015706253,6.84697280043647,-5.43282993229068,23.6286224803007,15.9020883987854,0.0823520428491566
-121.75,42.17,"KlamathFallsOR",24.4074626197899,27.6043741265122,12.4848162972077,41.8883946606902,16.9505986421287,14.3182856955496,27.1540612201301,5.06070748032356,0.75376189626804,-0.315755099995809,8.31934693070496,-5.32898638889092,26.59626192605,15.870913259533,0.857091834521567
-121.7164,38.5827,"WillowSlough",29.4692721850252,38.0863402481793,2.30335373404835,91.3960272219716,24.9126123246692,22.5574285286624,32.7143061371888,13.568129273499,9.49442174321129,8.31629252758156,13.8419455833176,3.85966666235405,40.3137483473061,23.4381190660048,8.87808162911611
-121.7021,39.8445,"BigChicoCreekEcologicalReserve",76.3798093170198,103.500584808134,7.91038773766304,210.441619821146,23.6003468961132,20.3014081513801,32.146857164344,13.2085645831361,12.1939795811971,9.00893198551775,17.430959130631,4.87306802653942,99.5581004209907,22.3142941987433,10.8767346809713
-121.64,44.4733,"MetoliusOR",46.2105781566732,39.5185986132849,15.6208297973926,77.8078028685382,15.8638843549352,13.5393401424901,26.0564829378712,5.32273468750269,0.330394561903006,-0.973673466402961,5.89365306435799,-4.86964629215448,44.7894523589722,15.1956105306998,0.0951819669258889
-121.5253,41.7668,"LavaBedsNationalMonument",27.0369251366375,34.3479047389258,14.8926327029674,44.2358909204704,17.2344149115945,14.2001224115592,27.4219319479806,5.75405441173891,1.7961836725372,-0.0315238070123048,8.96321090386838,-5.12222450099835,30.1283383747503,16.1526309207183,1.40141156709873
-121.5132,36.0732,"BigCreek",80.3055102567055,90.7108566854276,2.95806120085169,307.261455980085,20.5945306570352,15.8047346841721,26.318795924284,11.2938979434318,11.2479455900841,6.22988437628057,16.853013583592,3.75317006887627,120.308971030768,18.5029898022308,9.52100340470824
-121.4993,36.336,"HastingsReservationCA",30.7232857174208,49.7200476976783,1.73913606101026,118.661033336808,24.9830748369905,20.5912720881352,31.0761428755157,16.0813265755063,8.38770750671828,5.01997280688513,10.7039251424828,3.35811565147371,50.2108757032294,23.1829540940369,6.86743027688999
-121.4358,38.3503,"CosumnesRiverCA",29.0872381256044,39.9276053321605,1.99995917210444,83.2375783677004,24.6839387400621,22.3756666378099,31.6932448302807,13.7955782235074,9.30648295895583,8.23316323027319,13.8772244939999,3.69361224866846,38.5630952493924,23.137107107915,8.77762073297434
-121.404,40.4609,"MountLassen",154.937912649114,169.172831013089,32.4075170282811,306.903082588092,14.5091020671689,11.042945589338,23.3985782934695,4.23274829554162,-0.120401358421968,-2.91370068516481,5.45697278012427,-6.62853743085245,165.855335819644,13.2958435613795,-1.05141667357874
-121.3018,38.1544,"SanJoaquinCo",29.1440203778579,39.796816391807,1.91036054657829,79.8763603515365,24.7164149446552,22.7033741295743,31.7219183136817,13.9924965488667,8.79819732296223,7.88253061787611,13.374346953671,3.50174831051608,37.6818894169449,23.2835509841945,8.38920580125635
-121.29,47.42,"LakeCleElumWA",282.752889798612,234.848196847098,75.9372243274029,423.612719114135,8.718727891137,6.62174149719225,17.1905373748468,0.0315782333261704,1.68829250756372,-1.28390475577947,7.0112448873974,-5.43563946980197,254.287757521812,8.14064624912555,0.49499829234492
-121.1978,36.4647,"PinnaclesNationalPark",23.5714355342242,38.415680296567,1.40745578645443,77.6630473611307,25.3250000168677,20.6506053833734,31.8008367317874,15.6295169843297,8.43992513783124,5.00076870934493,12.1211156715341,2.31290477444576,35.2644047445941,23.3514897790896,6.96867857328901
-121,44.5,"UtopiaOR",24.6483264871601,28.1984627700987,15.3300749026587,32.7047210842574,16.4359591623553,14.2885306416726,26.7203129489406,5.57800679030467,1.0232653167783,-0.297401370417302,7.23324488782558,-4.52602721025952,25.2203963110437,15.7557023858183,0.858270405981766
-120.991,40.0179,"ButterflyValley",60.3980887379928,89.0652380914104,9.63432656479904,157.603129745341,20.1585102665181,16.8657074915309,29.8962449054329,8.53104081932379,3.90378909852026,1.72208843448637,9.75376874573377,-2.12412924616008,79.1751957848857,18.8628758707014,3.31387925814508
-120.97,46.7,"OakCreekWA",51.94304093161,40.166061203496,16.1692244642649,103.400088459456,11.7415442397805,9.75136735204126,22.019632657369,1.33708842450968,3.14270067984099,0.428482989571532,9.79628570387963,-4.56936736881327,52.9196037647067,11.2124081684251,2.19952550111972
-120.68,47.2,"LookoutMountainWA",61.9593945378754,48.782244945059,16.5897006325069,114.630455743699,12.7008503253768,11.3100884463511,23.3731904840794,1.50002041542554,2.31398640116867,0.186448988549057,8.71549659034833,-5.04206122356613,60.490448964785,12.2210374178082,1.54346768912498
-120.6,35.38,"SantaMargaritaCA",31.7100612041176,53.2545782756171,1.29864625122753,122.257319964114,25.6290204962906,21.7968367751764,31.4875782298393,16.6362721449664,6.67490474849331,4.85310203141096,10.143387788007,2.08706123125898,52.130151423769,23.8874269115682,5.93961394979257
-120.5519,39.6619,"YubaPassCA",102.037183388358,147.618013975572,16.9634965881262,281.492795582531,14.6727075333498,10.2309660084394,22.6432653738528,4.97931973712493,1.92695917503363,-1.93560544112507,7.94236050333296,-5.55274148257513,137.027872383647,13.1315646631917,0.595243188666598
-120.4509,47.6507,"ChumstickMtn",117.488544310842,73.8084077802645,22.903530606094,195.104080933292,10.1823605349173,8.63681632848013,20.5547959204434,-0.183619045678583,2.31775511225977,-0.502326526951526,9.00376871491776,-6.30016328485645,102.326140907623,9.79758843454056,1.12975850384239
-120.2667,44.3667,"OchocoOR",38.8078231461802,44.6655511077569,20.8281020006152,60.4577479849056,14.3016394709243,11.6389660251384,24.6204625668169,3.09685032008862,-2.17308843716168,-2.71089795756401,4.61196599444564,-8.46604762271959,41.1898060598645,13.4144795957421,-2.18451700574991
-120.1816,41.8985,"NorthWarnerMountains",52.7249181708511,75.8210880837473,17.6838435058792,98.3956323043019,13.7819047205302,10.3191904445895,23.5902040831897,3.06374829471567,-0.167122443871839,-2.30702720648375,6.98542858305432,-7.13904081558695,61.1563705161949,12.6887618857563,-0.656940470722054
-120.13,48.52,"MethowValleyWA",39.2087621145508,31.1684761363633,21.959326496598,73.3048230969176,13.4430000389717,13.232918366283,25.6560680103951,0.225054421525474,1.18352382440044,0.158789106194867,9.22245578700994,-7.38823807077343,41.4103469611074,13.1392602092938,0.794132661707954
-120.041,38.8468,"SouthLakeTahoe",69.5469864618642,89.4754966842074,16.8240204987173,163.130400784162,14.5644013443772,10.331829950923,22.6080816100244,4.92222448717169,0.994693897195718,-2.42923129781951,7.08736736596036,-6.13765984976373,84.7442261072376,13.1066343481241,-0.121207471106789
-119.8333,38.3411,"DardenellesCA",87.6581160046483,125.244510248405,15.0517005955256,220.586836767845,16.0967959189902,12.2486462511984,24.0110952416245,6.5364897948544,1.20808843399721,-1.68380271635798,7.66295237930454,-5.85001358937244,112.135290904106,14.7232568016669,0.334306126892833
-119.75,46.25,"BentonCountyWA",17.1621089097442,17.1420475115151,9.29631970090266,26.0805919178489,17.6508231576608,18.0474150002408,29.5391564142136,5.22061901803122,3.88314283801382,3.63443537811641,11.6755169978758,-2.9047006672489,17.4202670100027,17.6145033975366,4.07209863668929
-119.2486,37.9282,"YosemiteNationalPark",56.5437961543093,73.0331633977947,16.1156054681965,138.670007455917,9.71758505438461,5.87344898724434,17.1486666608019,0.977721083377089,-2.93634695185944,-7.43508843023355,3.45393198200178,-10.7034353658456,71.0906431190543,8.42935544645198,-4.40523469148419
-119.02,34.17,"MountPinosCA",16.1923876928576,31.8422857113626,0.927931975193169,77.4637752714611,24.8733264507891,21.5173741684479,26.6050679083584,18.7687211198872,11.8186190793303,8.96733333626572,13.7883877397395,7.23404760749973,31.6065951627186,22.9411224118706,10.4520969407088
-118.777,37.784,"GlassMountain",39.1494082232722,50.1998573397191,13.7527687028557,99.3758778296361,12.2989864235833,8.58822447142633,20.2500611584203,3.22719728708153,-1.29539456236221,-5.18011565947411,5.23258501768974,-8.69604079415198,50.6194780238708,11.0911173351278,-2.48474149957464
-118.7,34.58,"SantaMonicaMountainsCA",21.3653606011368,48.7761293058434,1.64679591384951,102.107985830752,24.0010815964264,19.7078912306805,30.7716666500585,13.6068571635655,9.58682992182621,5.69885715335405,13.9479047295188,2.71122448620241,43.4740679128954,22.0218741601827,7.98620407272536
-118.6044,34.0896,"SantaYnezCanyon",21.1423061551371,41.9948297884952,1.49748298279358,112.205741611721,25.9853469433428,21.6728707203249,30.0076463271161,18.2743469484809,13.2117482756271,9.34338776270548,14.4776190478785,8.23634012377992,44.2100901345368,23.9850527348162,11.3172738024978
-118.53,35.73,"KernRiverValleyCA",36.311020238211,69.0110750129782,4.97712248850291,146.648912012983,17.7405306011641,13.2647823460248,25.6168299564699,7.64217687139706,3.97751021207798,0.17087755884443,9.93051020466552,-3.21321088166869,64.2370324381687,16.066079943764,2.71642177347981
-118.4833,35.5333,"SequoiaNationalForestSouth",16.3350544143088,26.2255781847401,2.65902039450498,56.9213673156135,22.2878639584496,18.4955714349033,30.7443333320877,12.4152924706336,6.60262585426269,4.16777551812785,12.8563197843072,-0.0249659837964846,25.5352550772918,20.9857652990185,5.9004387932253
-118.4833,36,"GiantSequoiaNationalMonumentSouth",24.2788298803692,44.1556529999532,6.0465237891878,102.129271820999,22.2184149618862,18.2188027634913,30.0904761593358,12.4127278846948,0.872197269633108,0.589231288624408,7.93755103941677,-4.47199319495636,44.1525696226272,20.735105442352,1.23174660067948
-118.4706,35.7735,"NorthForkKernRiverValleyCA",17.9099931165213,28.7864830077928,3.24427893537977,66.810680288416,24.7302313953841,21.2993945880812,33.3486530148253,14.2736190289867,7.80633333609218,5.3746326634673,15.0991428401195,0.426054423155428,29.1878588370275,23.4129745068193,7.17654081570859
-118.45,34.07,"UCLACampusLosAngelesCA",19.1043945271633,38.194496289922,1.65965306787707,97.4239387577083,24.7961087778312,21.0116054898217,25.9999932399412,19.4071633021037,14.64940135333,11.2626258240265,15.384040826032,10.5839932240596,39.0956206606676,22.8037177024244,12.970015306862
-118.3667,33.7333,"PalosVerdesCA",15.4595577969417,26.4702381152647,1.6714626083746,67.4914900677748,23.5417755412407,20.234265320966,24.3715169867691,19.1916598819551,14.0419388076886,11.0160340159929,15.540108791014,9.45819048005708,27.7731871470889,21.8348044327327,12.5140680236881
-118.2478,37.582,"WhiteMountains",26.9354013773996,47.1352652270778,24.1388094852976,76.8154147009723,5.26149661461411,0.673142857368098,15.4753877224565,-3.22299999530826,-3.92959862562264,-9.0841428491534,3.06811564674183,-11.9313469387236,43.7562226976868,4.54675679978262,-5.46924319168946
-118.2188,35.4306,"ButterbredtJawboneKelso",14.5412924813762,20.0424626753697,3.44928571581524,47.9559862702882,20.9308911797141,17.0104693652821,29.8701020195371,10.4472788953457,7.92244218198621,4.36312924656181,14.1172993329107,0.667258505006226,21.4972567857124,19.5646853649697,6.76753231661622
-118.1873,35.6413,"SouthForkKernRiverValleyCA",17.6698230588737,22.1213808534604,3.5397346678125,53.3740678680997,21.4583674125931,18.4178299092922,31.9202379888418,10.2170543995033,8.14974831551516,4.05304082924006,14.4960816247123,0.45287074617484,24.1762516120616,20.5033724275576,6.78793537891058
-118.0869,33.8095,"ElDoradoNatureCenterCA",12.8481767909462,23.2815645688529,1.39742855154624,58.7607074508659,24.6372449316946,21.1250135849933,25.8363877380786,19.3568163891228,13.8414489428202,11.5220476137538,17.120081674485,7.79452380031144,24.0719693405528,22.7388656609723,12.5695255078426
-118,34,"MalibuCA",16.4057076497385,33.4884217760786,1.59299318514745,78.2281360956682,27.6956734430222,23.6499864487421,31.2393877976606,20.3941769243098,13.6075578481973,10.4889115249219,15.5542244554377,8.53093196259064,32.4288146766582,25.7448061534337,12.0454064477869
-117.9912,34.173,"PasadenaCA",26.7848979742821,54.6188707429738,3.84107482641124,111.23590500967,26.8983673303306,22.9863469130328,30.9349727890118,19.3191019564259,12.9153809579862,9.80760539956644,15.7026598664368,7.28365986363417,49.1201871383344,25.0346972472003,11.4273265219059
-117.82,33.7,"OrangeCountyCA",14.2890408281965,24.5154829580007,1.39560546481754,57.4311561339161,25.7138299617638,22.1505373740683,27.2277482350667,19.9862380773843,13.7323129842071,11.4542380579475,17.1036190500065,7.75444217928413,24.4078213462327,23.7695884120708,12.5111530678613
-117.77,34.37,"MountBadenPowellCA",28.288299385166,49.0280408458182,9.52673479180139,104.414735313986,17.31912922697,14.3061632882981,25.6261701518986,8.43734013466608,5.79348979731958,1.75495918110317,12.3329047929673,-1.70612244095121,47.814452584193,16.4222007004582,4.54380783260971
-117.72,34.12,"PomonaCA",22.0924150507698,42.6175849422445,2.20599321131104,94.97168669012,26.02959186528,22.1509115971675,30.5855986796269,18.3300475814716,11.9084149801812,8.72055104151875,14.932190486363,6.04826532091413,40.4719199736113,24.2740374308865,10.4023554572443
-117.6581,48.5018,"LittlePendOreilleNationalWildlifeRefuge",44.0704693741539,56.4180885950724,44.301734629537,61.7258776564176,13.2423877586313,12.9567959422157,25.6269864062874,1.24982993994035,-0.172999991699546,-0.545741505160624,7.60308162533507,-7.55585711261853,51.6290425637952,13.2690000117687,-0.167879246035907
-117.65,33.48,"SanJuanCapistranoCA",14.9431769063785,25.7673127918067,1.59764625696421,64.293156443113,25.0538230688393,21.4399047384457,26.4698843534301,19.7622176449315,12.8106530766909,10.3172040407349,15.8177143083949,7.36087753334824,26.6503230995656,23.1814574514117,11.5766122397922
-117.58,33.72,"ONeillRegionalParkCA",25.6446939108673,46.7460954379232,3.57579590860425,111.438013638832,24.9374081358618,20.2642176881128,29.8857687217038,15.7176326375429,13.1325646225287,7.73225170576654,15.4422788879498,6.46767348334903,46.8511497240567,22.7012567958053,10.6936921748985
-117.33,34.28,"SilverwoodLakeCA",21.1371497265269,36.9678706204911,2.96626531912353,96.8189181198879,23.1727075187527,19.7589319384828,30.2300816101282,14.6597143225118,10.2355714598481,6.37408162055372,14.8587756124483,3.27534694006654,39.4725509465074,21.9553588474689,8.68594390822917
-117.245,38.9383,"OphirCanyon",21.815238027751,31.2836938407145,20.1640340094866,23.0733672761593,15.7078231759623,12.7806869947991,26.5499252007932,4.85072792230212,1.07638097217395,-1.10684353412211,9.50732651859725,-6.91949661167301,24.0840832885279,14.9722908234642,0.63934183624402
-117.1207,39.2135,"KingstonCreek",30.4547211657449,49.4106052667916,27.7159115124057,33.8289524779028,14.0495850107297,11.076244895961,25.0848230958796,3.31563945390208,2.13921768725121,-0.791142866725013,10.3444762100168,-6.00178911815695,35.3525476057113,13.3815731141181,1.42269047809651
-116.8249,34.2432,"BigBearCA",22.8744762589027,39.7292380365622,11.7015577751357,92.5108159841323,17.4928162827784,14.1645442547441,25.1634830033698,8.52727212386877,0.316489783900499,-1.98430613235754,6.83902043550193,-6.28331972709318,41.7040220136833,16.3370289161903,-0.278028910012075
-116.4333,45.3667,"SevenDevilsID",42.208326665013,58.1647822451429,30.452319866946,63.611101903072,14.5543605450059,13.0998298975886,26.7285374362453,2.49245576763234,2.80610884264821,1.08786394487636,10.7257210965059,-5.16081632324019,48.6091326700435,14.218795911618,2.36471939019758
-116.42,33.27,"AnzaBorregoDesertStateParkCA",8.37734698338139,8.53804763977822,7.94827217506055,28.1057143729294,30.9299389196902,28.3589932448199,39.9330884712894,20.1331224246901,14.1448163499638,11.1043400861779,20.6074693576008,6.27555104502204,13.2423452927874,29.8387857651224,13.0330442096911
-116.37,33.25,"BorregoSpringsCA",7.55183675167702,6.37225853474209,6.30631294656706,22.0484013572441,31.8410612482603,29.542578288487,40.5555917908545,21.2983197063005,15.4252585359171,12.8183197261525,22.2947890872047,7.17173468174577,10.5697023975576,30.8093877584756,14.427525507755
-116.33,32.6,"TecatePeakCA",22.1009523661769,38.0728369051096,8.25965988438348,78.9476190286429,25.1112993266307,21.1631497298779,32.5602177730223,15.876755072146,4.85110203942069,1.77570067488012,8.81019731281566,0.226068030054472,36.8452670460782,23.6778554754192,3.91576701429273
-116.1667,34.0167,"JoshuaTreeCA",7.87948303330107,8.64268707158281,12.7484285693939,28.8149525696241,23.9837686966877,21.2907959101151,32.9478300185431,13.4731565073234,7.35850338762005,4.81624490154122,15.6909592427364,-0.176265305167913,14.5213878109755,22.9238877831673,6.92236055668244
-116.144,43.7127,"BoiseFrontID",42.2432517129548,58.8822175191373,17.6318298671395,70.2012107648006,14.0845169198959,12.4749115729819,26.5478706749118,1.8679999950703,2.78131973702891,0.353312926100833,11.1854353275429,-6.10981632657603,47.239627466008,13.743824790715,2.05256291602415
-115.983,45.6167,"GospelHumpID",80.3768231106453,108.112210877088,52.9589454299124,127.743782977669,10.4182584880262,8.35950340705664,21.5918911265678,-0.314142858458297,-1.79539453793241,-4.21397959783065,5.73444220808898,-10.065285702141,92.2979405988285,10.0138775407981,-2.58505440745376
-115.8173,33.7441,"CottonwoodSpringCA",8.30289795524346,7.33099998303746,11.3430815961744,21.3284354321912,26.0239660301987,23.622925291256,35.0470068276334,15.1898435216372,9.68634693638808,7.19451018296131,17.8446939040203,1.80557823652516,12.0763537416616,24.9709354176813,9.13278231497373
-115.4847,44.9265,"YellowPineID",61.6012377382136,64.7715104583169,33.0688910039306,88.2695101069755,11.5248027202629,9.23254423076603,23.1713810031917,-0.0699251701011558,-3.15797959449289,-4.86395237374367,4.34568026134757,-11.4407618710784,61.9277873268592,10.9647006960299,-3.77925339449184
-115.43,41.83,"JarbidgeNV",62.3399592986723,104.917312891305,33.9162925847736,99.5411838933724,10.7674829975075,7.86961906459056,21.7962789340895,0.0287823088239043,-1.5232584895376,-4.44778911107961,6.15502039895577,-9.82477553685506,75.1786871670308,10.1155408262529,-2.41020068462913
-115.0663,43.0833,"BennetHills",23.726571357257,27.7412311965916,10.5608095246918,36.5895849105452,16.7475033763315,14.8502312582366,29.4005986038519,2.81930612103671,3.42471429482609,2.00908162112848,12.711415005379,-5.72472108109873,24.6545492472714,15.9544098398642,3.10512246005871
-114.8988,42.8196,"HagermanID",20.174884362387,23.1540340018921,8.96074145560653,31.621625762154,19.2656530068845,18.2421088835009,31.9484149647408,4.93061226010829,2.27321089360686,2.3486938672457,11.7902516994347,-5.27924489407312,20.9778213955099,18.5966972788086,2.78322789155352
-114.7184,42.4409,"Berger",20.8583673690858,29.4346055870964,14.5580680129953,25.9253878544788,16.6082652572061,15.140380982639,28.6128843657824,3.667442177378,1.77591835867081,1.05572108886376,10.8729047580641,-6.40697962248406,22.6941072059141,16.0072431957514,1.82439114577866
-114.6588,43.1689,"GoodingCityofRocksID",26.5398094214144,32.5915102954624,13.9048979761598,47.8920611678338,14.7031632394967,12.1104966296631,26.6744898581991,1.41179591874738,1.49907483175701,-0.165938782214257,10.3019727849636,-8.13868708675411,30.2320697152176,13.7249864115266,0.874105436938061
-114.4733,42.5563,"TwinFalls",21.1292448923701,27.7738775558212,11.9060748902713,26.2091837586189,17.269687109253,15.9342856828858,29.440557933989,3.9330271966502,2.39738095270432,2.10641496334554,11.9632857413519,-5.59254420046904,21.7545952742704,16.6443894806945,2.71863436423318
-114.2854,42.1889,"MagicMountainID",53.2010206694709,80.4772583448968,27.9435713417879,101.240013609127,12.3143197089231,9.75389115907708,23.9110204151699,0.450027210131877,0.0947074682331408,-2.55672790149392,8.16204082722567,-8.20970751639126,65.7154659913207,11.6073146233255,-0.627421780606592
-114.17,46.38,"RavalliMT",25.5227211778667,29.7768638863855,29.4787278094259,26.3061224360044,14.7533538191497,14.6885306008008,27.3611087280066,2.59980273727315,-0.17685714845552,-0.159149661888273,8.33930613394497,-7.43665988429063,27.7711088274206,14.8506989713076,0.141659859827638
-114.15,46.85,"SapphireMountainsMT",46.2703400890843,57.9210408820587,41.5866396005462,65.321789047345,11.2150612290518,10.5990679742528,23.6882516899887,0.163952376896224,0.933380946212886,-0.999401363588515,8.55285709082675,-7.5781632637491,52.7749524047586,11.4165833175474,0.227168352425505
-114.1,46.53,"MortonElrodMemorialMT",24.633387763484,27.1364898324824,27.3233878677394,26.7728844662102,15.2665238164264,15.4606053942726,28.0949931501531,2.66476189634021,-0.290204072662559,-0.117707490566231,8.26440815049775,-7.3945102156425,26.466537482479,15.3717210642981,0.115496592906615
-114.0312,46.9145,"FiveValleysMT",28.6062652991743,38.2213875955465,36.3862584975301,30.6027687001391,13.5301768268858,13.4658367228346,26.7619864016163,0.774224484073264,0.35095918438315,0.112775520655979,9.16208159193701,-7.76661901895692,33.4541700230975,13.6330561088525,0.464799319504804
-114.03,48.4,"WestGlacierMT",61.5229386018247,55.3574354405306,52.1102720677447,65.8119930442499,11.6972313897342,11.9797346713592,25.1949659723814,-0.126346942214739,0.28503401647797,-0.395326531017009,8.34223811480464,-7.87171429841697,58.7006597885875,12.186396272815,0.0900578254621575
-114.0284,46.6808,"MPGRanch",26.7939047651226,32.4668502029107,30.7585372004379,27.989156374315,14.782034012432,14.8513333943425,27.7259388229474,2.15268705777672,0.127360529183936,0.168034018581213,8.82636056627546,-7.34810207003639,29.5021121356966,14.8779983218747,0.443413261001055
-113.98,42.1678,"TrapperCreekID",26.8873605479797,44.8411155785022,29.5425442185532,26.8765442153046,15.4178639642235,12.994741475501,26.7561021532331,3.38940136327225,2.65358501637266,0.504006805101118,11.4445101712026,-5.96240137466768,32.0368911400849,14.6395272390575,2.15992515450217
-113.88,45.18,"SalmonID",18.3009523268865,22.4031564264881,25.1267754557815,14.2010681090914,14.9299388183217,15.1302993605737,28.4798094691062,0.0866122579290756,-0.374809521573539,0.0669931885810111,9.07849661184817,-10.1087823108751,20.0079880795619,14.6566649764827,-0.334525508004863
-113.856,41.7511,"GrouseCreek",22.7899795705769,31.4150816404901,21.2647685955982,24.3089796775052,15.5818435440258,12.9385782877604,27.7273264904412,2.59114965246547,-0.0940136208427046,-1.08678232038356,9.52840140076722,-9.39704082612278,24.9447023710426,14.7097244936732,-0.262358841645455
-113.6803,42.0594,"CastleRocksStatePark",22.6364081927708,31.6007009136434,23.1278843522883,27.202455843387,14.5488435427348,12.0311768363122,26.5562109136257,1.87422449326738,1.71268706834641,-0.165557827014907,11.3391020573726,-8.05211566094638,26.1418623255224,13.752613946485,1.20852890943944
-113.6803,42.0594,"GoodingCityofRocksNationalReserve",22.6364081927708,31.6007009136434,23.1278843522883,27.202455843387,14.5488435427348,12.0311768363122,26.5562109136257,1.87422449326738,1.71268706834641,-0.165557827014907,11.3391020573726,-8.05211566094638,26.1418623255224,13.752613946485,1.20852890943944
-113.6485,42.2845,"MountHarrisonID",59.8639861758874,77.3260137077903,28.8872790117653,112.894095094836,11.1509796181301,9.09248981102794,22.2770543520142,0.186095229030086,0.372183688377746,-2.69769387900018,8.81454422198185,-8.51630614241775,69.7428434975699,10.6766547525506,-0.506818027764583
-113.622,43.1548,"LaidlawParkID",21.8180068084577,27.2040883213484,12.3466666791783,30.8809183154787,16.0065237518881,13.9286258366643,29.1400815743167,0.881673474805619,0.482306109171133,-0.583530603420167,10.3919048017385,-9.51017008833334,23.0624200311158,14.9892261594187,0.195127554789033
-113.62,43.43,"CratersoftheMoonID",25.9311837582361,34.0588707786788,18.8193878104346,43.4315102008127,13.7810884150011,11.5290271886149,26.8265577822315,-0.703210881980909,-0.08823128064879,-1.44758503375968,9.63982307018877,-10.595700620794,30.5602381370406,12.8583656259667,-0.622923466253417
-113.3544,42.6479,"MinidokaNationalWildlifeRefugeID",20.3692584899919,26.2406938970089,11.4632652970973,24.2471427497815,17.2188163014496,15.6180136787648,29.6649659215188,3.14844899764601,1.0671088317802,0.64740135105086,10.4414693838885,-7.42415648090596,20.5800901084699,16.4125612248448,1.1829557714534
-113.25,38.2,"EscalanteDesert",23.4546803112338,23.7166257698254,18.750034099128,20.6510204603883,19.5450204537839,17.9724218796711,31.9063603407672,5.96713606684411,1.29493876362257,0.151829943757783,11.8138979243583,-8.14511563664391,21.6430901601439,18.8477346852666,1.2788877487737
-113.23,47.02,"OvandoMT",34.4276870888512,36.6273809776825,37.6524217144973,41.4648912228695,12.8600816434743,12.1108503390332,25.6156666814064,0.129659864012481,-2.70501359232834,-2.91191837756711,5.64468027134331,-11.4282313041947,37.5430952509751,12.6790646319816,-2.8501207506867
-112.9948,42.3782,"SublettMountainsID",42.595809525373,60.9893536600126,41.8284898485456,50.3162788355432,12.5282244378207,10.3137483021029,25.023945555395,0.512931990418203,2.31329931871218,-0.353605440304596,11.7180340273851,-7.21894561352373,48.9324829673686,12.0947125714342,1.61469557306723
-112.92,47.08,"BlackfootValleyMT",41.621251651219,49.11685710375,40.2235033568882,55.3420068260764,11.8116394877941,11.0194490069435,24.2100680734025,0.192163264679843,-2.69374148645217,-3.30343537031337,5.49821770110098,-11.1467278798421,46.5759047344834,11.808329958205,-2.91142175887667
-112.85,45.32,"PioneerMountainsMT",26.1419931599478,35.5873537225788,35.747360533192,20.0623129054803,10.1665306326483,8.51782309887361,22.0705986606831,-1.11935373148517,-2.15694557244376,-4.01253740334896,6.30787754139933,-10.7075782568276,29.3847550802997,9.90889966517998,-2.64229592280526
-112.57,46.97,"LincolnCaneRidgeWestMT",35.6412176972344,45.6186258938848,40.5444080756635,46.9315508823005,12.0549319890283,11.2634762136304,24.6761903957445,0.293258508591323,-3.02703400625258,-3.34638775489135,4.73654422386974,-10.9043469201951,42.1839506372708,12.0719642767486,-3.13530611436732
-112.5267,42.2471,"PleasantviewHillsID",40.379537542661,59.2452315894925,28.1592926638467,68.364190357883,13.6009115686222,11.4166462291666,26.3393197611076,0.908068028690458,1.48514966463962,-0.565795912130159,10.7707822890509,-7.91286393574306,49.0370630384708,13.0662363968967,0.944318026454318
-112.32,46.56,"TenmileCreekMT",37.5533606860103,55.8974898915712,50.306585245392,30.687340120069,10.4610680178011,9.14886395177063,22.3547483041984,-0.0963197152580131,-1.57159185156125,-3.19439455869348,6.96436734750968,-10.2274693729115,43.6111939857606,10.467090139628,-2.00727210891414
-112.2643,43.9653,"CamasNationalWildlifeRefugeID",17.9742652595575,24.898129274245,20.9173264783256,15.9850612007031,15.4362244926342,14.4926462692468,28.7353129743719,-0.76988435654543,-2.12827891902048,-2.04021768677397,7.90797953054207,-13.2192176929137,19.9436955532078,14.4735748449269,-2.36993369204151
-112.1576,37.6055,"BryceCanyonUT",38.0278707452777,27.0344558507204,34.43599999843,34.1259933231639,14.4091904455302,12.2892380782536,25.3234013148717,3.19241496037413,-2.19294557620321,-3.69542857847449,6.83023808926952,-11.5555850016017,33.406079979398,13.8035611997574,-2.65343026675246
-112.1221,35.989,"GrandCanyonSouthRim",32.00257829004,26.8587959201969,38.6796462637227,33.5262178372414,17.96187754391,16.0581768613283,28.1653809320359,7.35916328592365,0.507408161691966,-1.77196596319578,9.40238774066069,-7.53735372971515,32.7668095778002,17.3861496557995,0.15011905236043
-112.07,45.08,"RubyCreekValleyMT",25.2093810163388,35.2804762376409,44.2499456535391,10.5939047502316,13.1467755432843,11.3950748313852,24.7755170030659,1.01836735025352,-1.55096599621838,-2.31288434359796,6.94888434604723,-10.226408170194,28.8334269144376,12.5839336819972,-1.78534354099079
-112.0374,36.1954,"GrandCanyonNorthRim",39.2374626851203,39.686408058265,38.1841359419279,67.1441088428303,16.9109047870247,15.0327754539697,27.4299795189682,6.30031974137235,2.49393196386241,0.234945575953746,11.1592040516081,-5.9958979767196,46.0630288820359,16.4184948753337,1.97304590367617
-112.0353,34.738,"Cottonwood",27.6724012846849,17.9801972752665,36.8187074987661,30.1247617763453,26.5990612328458,25.0813128996869,36.4174149182378,15.5238299012995,8.66013602486679,6.63316325959908,17.6815034126749,-0.332122448775569,28.1490169587657,25.9054047380175,8.1606700620913
-112,52,"Helena",NA,NA,NA,NA,NA,NA,NA,NA,NA,NA,NA,NA,NA,NA,NA
-111.8554,36.0244,"GrandCanyonDesertView",23.3468978682305,17.4327959278788,26.9364421576797,23.2529999495161,23.1398435968931,22.4047211757323,34.594020454251,10.8717823320506,7.75602041235586,6.31919051463507,17.7120476028546,-1.65457824136124,22.7422839758263,22.7525918897317,7.53317007212108
-111.7791,33.7041,"McDowellSonoranPreserve",30.9299250749592,24.745734622588,24.2806053802135,42.5425035811352,28.5146869996778,26.1353265606627,37.0132381413259,17.7104150097386,16.1049591927301,12.4124353596953,23.4067211540378,6.35401360356078,30.624692164724,27.3434166778513,14.569532327506
-111.6833,45.8667,"SouthernGravelliesMT",22.0918980433422,36.3794829650801,37.6750952451408,10.5991088387107,14.3393945552054,12.9881019916664,26.6689659559808,2.18655782123255,0.0249115583442509,-0.58582313830147,9.34929932380209,-9.11642176115594,26.6863962730684,14.0457550810213,-0.0820085043277673
-111.55,39.25,"SanpeteCountyUT",52.2707889874776,64.0895304614995,30.1081496308032,57.5189592254405,12.7574286298687,10.3455101859813,23.3483741656453,3.08714965229132,0.136326544392271,-2.47902722083995,9.06725850721606,-9.50300676319875,50.9968570763052,12.3846156584466,-0.694612233107592
-111.48,33.8,"SycamoreCreekAZ",33.6807144957715,27.147918464768,31.0079388996003,48.9918978865049,28.4000272426476,26.5743264892474,37.8110272673523,17.5085578516227,13.899047627741,10.6884693450668,22.1126122896363,4.34056461668339,35.2071174366612,27.5734847127175,12.7601734697819
-111.401,43.048,"GraysLakeNationalWildlifeRefuge",42.6636937328545,49.0154693499714,32.0023062991447,48.4230477209805,12.8142721252833,10.0160340257242,24.616857243233,-0.926122454520897,-3.86476873278342,-4.25012921586278,5.03086394112126,-13.7770883728858,43.0261292757378,11.6302602349299,-4.21528059510268
-111.3245,42.1714,"BearLakeNationalWildlifeRefuge",27.7995238977225,30.9619183408439,20.7400272342085,23.1460135661724,13.795108826793,11.0214353621411,26.0764693954364,-0.349863951569613,-1.54189796811667,-2.1971972617986,8.64387752896264,-13.2891156624775,25.6618707597368,12.6357874082002,-2.09608334085752
-111.16,31.48,"AtascosaHighlandsAZ",40.406503400835,16.6002381108575,83.1670138394954,37.7370612807825,25.7499252046858,24.590829959532,32.8039523014406,16.807176804056,9.83189793103406,7.16525169173066,17.3051020498989,1.28558502599698,44.4777041579926,24.9879710674286,8.89695917466516
-111.12,43.62,"TetonBasinIDWY",39.8210611196653,47.6646258198485,33.2497211005412,43.2126122932045,13.0804217621355,10.7361565025485,25.3147959546978,-0.947340134860707,-1.98853060329447,-3.02225171918918,6.79278230504925,-12.326782310901,40.9870050833149,12.0460085211303,-2.63619558208386
-111.0946,33.295,"BoyceThompsonArboretum",40.0283333022578,28.6926326901227,42.7835576305179,59.7240883594467,26.1543332833011,24.0245849129294,34.6192993241913,15.4523809329182,13.3804490095904,10.3094354032659,21.010013599785,3.99560543793399,42.8071529955863,25.062649613335,12.1738758626438
-110.9333,47.05,"MonarchMT",54.9046188706443,82.9175368912366,78.6952991031465,54.9724217628946,8.11888433176847,7.14144903005791,19.9818435526219,-2.77086393433769,-2.64173471017861,-5.19448298310899,5.72558503532085,-11.8821632780996,67.8724691569805,8.11782824502763,-3.49819898401659
-110.8807,31.7268,"SantaRitaMountains",63.7549117990091,32.0231768825427,105.271680313308,70.8676050623664,22.2038163944167,21.4759660383471,29.5327619176333,13.2863400647429,10.5068435308074,7.22582993985845,16.7159523801739,2.14011564894047,67.9793435143066,21.624721103785,9.14718537494504
-110.7774,32.3656,"SabinoCanyonAZ",47.1236937339608,24.9828775184416,68.9952855943417,55.9655167952269,24.738122375644,23.1346734818958,32.8047278787003,14.7831224454504,10.753979579932,7.84970748830004,18.2133605982982,1.86206122478914,49.2668434104927,23.8651615454226,9.66977722282984
-110.73,43.93,"ColterCanyonGrantTetonNationalParkWY",148.451945522205,131.812197445201,70.2072381843515,149.473619396184,6.17809523035119,4.74146260142478,17.9272381140261,-4.81224488766015,-4.16770067532249,-7.15717009772376,4.53123810489466,-13.5638231290441,124.986250136985,6.00863776453549,-5.08936394929892
-110.6996,44.9764,"YellowstoneNationalPark",38.4411903968474,47.7503333383677,46.147523769716,26.5288367157891,10.7262720927393,8.97691155838318,23.3599456151327,-1.59464625570746,-2.33469388735335,-3.92159863065954,6.72906121996795,-11.8146666799273,39.71697105518,10.3671207526369,-2.83547449449305
-110.6908,31.5072,"PatagoniaAZ",33.9349795980062,14.4510544943425,77.4442246253935,32.2427142371937,24.9031905479172,23.8922584884021,31.925013639489,16.0462993245546,8.45748978295699,6.05285033543094,16.1624218428216,0.0488367339684849,39.518243238734,24.1916905000907,7.6803996737945
-110.6,43.75,"LostCreekGrandTetonNationalParkWY",47.058408130917,50.1103399497311,31.4947822742722,63.9657343780102,10.922156440867,8.93208165395828,23.2877075234238,-2.18938096086922,-4.54290477450633,-6.03197281316024,4.1278435324325,-15.4479524002594,48.1573161832326,10.238141164345,-5.47374661387337
-110.57,43.85,"SignalMountainGrantTetonNationalParkWY",51.5409456515799,55.610129051468,34.2961768130867,69.185769107066,10.9826666269021,9.0069251770065,23.3941972369239,-2.29127211062884,-4.34877552004645,-6.16893878613352,4.26723808780008,-15.714204061599,52.6582551558001,10.2731292325509,-5.49117006999472
-110.2238,31.424,"RamseyCanyonAZ",35.6042178733921,11.1462857211959,70.1544691887146,29.3327142276998,25.509659981241,24.7747143142077,32.8923265106824,16.5447414748523,9.65478911407951,7.58315644134469,17.4930476363824,1.04995918261255,36.5594217527506,24.9303605702459,8.9452380936048
-109.6,44.93,"BeartoothButteWY",60.1455372077267,81.6943400765763,48.1487756132269,87.5798235134203,6.29980271873476,5.57769387547357,18.2181020658843,-4.45491835481304,-4.69805443281827,-7.62304080769318,3.49226529656697,-13.9413877474207,69.3921191027375,6.41017007631991,-5.69255442284131
-109.38,44.75,"NaturalCorralPreserveWY",36.5828027238651,60.050721123105,46.2559590339661,29.6344626728369,9.88056456915984,8.23651023178684,21.1420204071771,-0.125503400720808,-0.340952377690344,-3.33972109381274,8.77051022263611,-9.07750338599795,43.1309863884433,9.78339795185076,-0.996916658716231
-109.374,44.7268,"ChiefJosephHighway",44.266047649643,67.0041497807924,48.9782448528575,34.209591750385,8.96285034396819,7.34482993596062,20.1740340213386,-1.06255782344917,-1.02643536598593,-4.10617006681606,8.01778232970205,-9.76103401670651,48.6145085084195,8.85478911945457,-1.71896427995161
-109.3385,38.5227,"LaSalMountains",51.4648297611548,45.7090068974463,39.7467754971819,43.6124490430566,14.4237891346419,12.8318979983427,25.7131429010508,3.94031974658066,2.76668025918153,0.474034008627035,12.1416122378135,-7.23508164915098,45.1332652997099,14.227287445154,2.03681121411778
-109.32,34.08,"SpringervilleAZ",33.5607142650149,14.0276530810797,59.624156314094,19.7736666209007,18.0393673286957,16.6943469371925,26.3231360896104,8.27410204880903,0.720829933907102,-1.48094558075932,9.02728571534968,-7.8308435540621,31.7465475702723,17.3327381010769,0.10908162860884
-109.1667,31.85,"PortalAZ",52.7754421920142,18.461857069397,90.941047553708,41.2821020232038,20.158455783818,19.7264489738309,27.5841020207827,10.8947823712615,4.57225848127435,2.11459864164088,12.1634761622163,-3.56857823534888,50.8651122095807,19.5909472874233,3.82043876244566
-109.07,31.33,"GuadalupeCanyonAZNM",30.1024151274136,9.40240140346617,59.9121630129715,26.8921905028171,25.9841088535023,25.5509591524293,33.981843520184,16.5627959115165,8.2220475890604,5.9509387772505,16.9832787935426,-0.912408162440573,31.5772925116671,25.519926859408,7.56096424935322
-108.75,42.65,"RedCanyon",34.3020068034023,57.7664148531804,24.5219523395811,28.3377550572765,11.794537445619,9.74542173074216,23.6278232003556,1.13557143418156,-3.4575442301781,-5.13905443970849,6.29303400127255,-13.7811224671448,36.2320322633601,11.5758384527246,-4.02117178393971
-108.23,39,"LandsEndRoadCO",47.5354968986544,43.741918359484,36.5240135789931,34.03183656566,14.6812108519937,13.0145510556747,26.5240883859647,2.5034489893318,1.85407483598002,-0.391061224472602,11.6015306070548,-8.75960544664033,40.4583163506979,14.1808248207412,1.07623469298048
-107.38,38.03,"HillsdaleCountyCO",67.3167619283508,56.587142634554,51.9499795307108,49.5203402220798,8.62466667004588,6.52056464426169,17.8337006731098,-1.1669251693343,-4.51029931434563,-7.71220407305526,3.64712245330265,-14.2982448850359,56.3435560789238,7.95300170452077,-5.71840645478354
-107.35,39.95,"PaoniaReservoirGunnisonCountyCO",91.0409589097613,128.129775475483,61.8685305329407,135.347809434748,6.23578910307236,4.86625851090161,16.8465237390427,-4.35510884722074,-4.65608840395196,-8.02658504247665,4.2620408045014,-14.6415442901404,104.096768588233,5.89836562644899,-5.7655442330169
-107.21,38.88,"KeblerPassEricksonSpringsCO",68.8323127623318,75.9623808828341,45.8725101793704,84.0487961801542,11.1875578004639,9.46916326535802,21.6817211358726,0.252591839731753,-1.56806803505462,-4.22341496228133,7.14640135667762,-11.5557550735214,68.6790000011726,10.6477585103566,-2.55020917854494
-106.95,39.1,"MaroonLakePitkinCountyCO",90.8255574167991,112.113557724726,53.0258980235275,131.003639610446,7.79925850956371,6.12089794448444,17.6070340344695,-2.40434692855798,-5.52717683884968,-8.49632653817028,3.0725646267588,-15.4508367655229,96.7421631938746,7.28071088998992,-6.600443878946
-106.93,38.93,"GothictoBrushCreekCowCampCO",56.6139320483824,59.8498777824194,42.7004218571851,74.6718095127417,10.5697619227097,8.17385714313611,21.255639523876,-1.2036870707422,-4.27108161577156,-6.72822449417138,4.15411564819261,-15.6483061200096,58.4590103001822,9.69889287974489,-5.62337414544
-106.8823,34.3515,"SevilletaNationalWildlifeRefugeWest",23.1872652820026,11.2549796105191,30.6911769102194,9.41055783498906,23.2984761867393,23.7868775283398,33.9402448433597,12.2377346745965,5.04738095250665,4.32386393903368,15.7937142443495,-5.26380951905332,18.6359949094326,23.3158333082588,4.97528740420912
-106.65,32.3666,"OrganMountainsNM",29.1610883954836,8.46790473479904,45.6183332785407,13.7633741008954,24.2268911154092,24.420197246837,33.4025917182974,14.2450136911301,8.42024488782599,6.74905440829643,17.9810951972494,-1.18248979998816,24.2526751274297,24.0736734429184,7.99197617334592
-106.55,36.8,"ChamaValleyNM",42.4457893825713,35.4561564727705,44.0535034744107,37.2703742740714,15.4659388113995,13.6248979763109,25.7905373605741,3.81074830271354,-1.69135374185585,-3.63751701015954,6.98006124236957,-12.0256598530983,39.806455900956,14.6730306127495,-2.59361734068604
-106.43,35.13,"AlbuquerqueNM",52.2555510982567,39.5765917937772,62.8639999960556,51.3430950925464,15.0464762084338,14.13881634044,24.9523673284621,4.45996600592217,1.93966667171644,-0.138170072466743,10.3547006496767,-7.44063264009904,51.509809495159,14.6494064708145,1.17889115220683
-106.43,35.2,"SandiaMountainsNM",49.5712518108134,38.2099931677993,61.5636464990295,48.6451158644188,14.3461361142243,13.2276802371148,24.0986326308477,3.45502721115339,2.09993198328987,-0.138510194660931,10.4012653032939,-7.45700680479711,49.4975018355153,13.7818690483351,1.22642007178142
-106.41,38.83,"CottonwoodPassGunnisonChaffeeCountiesCO",58.624047169069,90.1568640300206,47.9772654942104,80.1050750901099,6.20333332989086,3.82280950342007,15.9686190546775,-4.53672107547319,-5.55421767007484,-8.80361224437246,2.75000680986868,-15.1533741399544,69.2158129458525,5.36451020312882,-6.69029931113327
-106.3216,35.8797,"LosAlamosNM",40.6209727048519,29.9427007260371,66.5001295599389,24.3890543561936,15.9323469668019,15.0141292915863,26.09110884115,5.01647618757624,2.61141498655486,0.978687068840274,11.4202517133181,-6.88378909331601,40.3632143367554,15.5135153217786,2.0316411688493
-106.25,36.67,"RioArribaCountyNM",47.3032585585199,50.721898055401,41.2395102458239,64.6938637243647,11.476904730813,9.79327892953036,21.5422040718753,1.021891151661,-1.59451701030845,-4.24847620674947,6.04390476552808,-10.9286939530146,50.9896326460274,10.9585697209699,-2.6819456011361
-106.25,45.37,"SnowyRangeAlbanyCountyWY",27.964299346314,47.1333130200704,40.9270953306941,15.0504762076196,15.4130747695358,13.6723400954487,28.5179184504918,2.06415646426937,1.40919046453675,0.23348299036322,12.5047142878682,-9.65132649090825,32.7687959761745,14.9168724449364,1.12401531296497
-106.18,39.13,"WestonPassLakeParkCountiesCO",77.4024559916282,104.163027160022,68.0336125270039,65.327571628856,5.56682313013771,3.58609523905479,15.4757415680658,-4.74972789972818,-6.55306803592208,-9.42219050076543,1.75248300417193,-15.6857346515266,78.7316668268775,4.96973300938254,-7.47712754601055
-106,39,"HorseshoeMountainCO",21.9515033757606,26.8974898656209,46.2563197065373,12.3936054382194,12.0771292411551,9.33165983683398,22.2262993637396,0.863251701887494,-4.84504762025816,-6.43976193483995,3.96051701543485,-15.1715034368087,26.8747295965346,11.1245850359041,-5.62394899411798
-105.88,39.67,"LovelandPassCO",59.1552174431937,89.847211026821,54.7163535672791,76.6429249510473,5.44343537188509,3.74065306330366,15.5533060865337,-5.08505441740054,-6.14874831419818,-9.31512925332906,2.23794557766191,-15.5832244717345,70.0904267470853,4.91308502608049,-7.20228911539996
-105.8488,35.7184,"SantaFeNM",46.047455766574,37.24410882207,80.8873742875599,33.9645238064046,13.9606258479916,12.4223333410665,23.2533604628375,4.13759864096967,0.103972777825634,-2.08782313069721,7.9868435600177,-8.60393198006818,49.5358656706521,13.4434795732163,-0.650234693230517
-105.8,39.47,"HallValleyParkCountyCO",33.1599454328316,44.7796531631833,46.3055508607099,26.7732585173886,9.30775509938775,6.99287756223257,19.205135994217,-1.10965305995069,-4.29828568475739,-6.78991155858551,3.57017686735002,-13.46108842707,37.7546019935284,8.59902889897166,-5.24477720076573
-105.62,40.35,"RockyMountainNationalParkCO",45.2670341803103,75.1239588049804,49.5841428114443,47.0955577058857,10.7695442138075,8.35997277498245,21.4963673572151,-0.100510206265172,-1.42677550106531,-4.14761903771155,6.17945577336006,-9.86036732732033,54.2676733756552,10.131343534935,-2.31382652318428
-105.5,39.97,"GilpinCounty(uppercircle)COsplit",34.3576666562736,61.8090817234416,56.0208501783358,23.0697006185849,12.7978911375513,9.97914961243973,22.8596871045171,2.40570067981778,-1.79805441796273,-3.8719183758256,6.34072108657993,-9.71924490182578,43.814324794159,12.0106071335815,-2.26212415225855
-105.47,40.48,"GlenHavenCO",37.7923739978245,62.4928846115969,59.4341498102461,30.5392584768282,11.3899456074043,8.75255781290482,21.8881292148512,0.674251698616411,-1.94527211182174,-4.4448775664276,6.17469388287084,-10.3444898112291,47.5646667241239,10.6762210834442,-2.63998640165189
-105.4105,39.8309,"GilpinCo",36.2964286804199,61.6242856367105,58.8663604210834,19.5984354411714,12.4955985862382,9.74194561380918,22.3175850303806,2.31873470200162,-0.947170069986055,-3.35780952375408,7.39724491567028,-9.42733338738785,44.0963775448463,11.7184659831074,-1.58376701636443
-105.3902,40.15,"CalWoodOutdoorLearningCenterCO",32.0835238632027,64.3625986855857,52.8765645627262,19.2985782696276,14.9003061696786,12.3308163435281,25.0580749122464,4.95985033479678,1.27359183918254,-1.11915645748377,9.99250334460719,-7.03268708663733,42.1553163452856,14.3122619400625,0.778562909917158
-105.3828,35.6967,"UpperGallinasRiverWatershed",41.3989114769462,32.8638841707994,75.9598911343789,20.1145306389754,17.3263333541195,15.7475442561974,26.1010952644608,7.54246940093787,0.747693874068609,-0.821469375268131,8.82740819697477,-7.60047619521212,42.584304355275,16.6793605689289,0.288289125140782
-105.38,40.67,"RattlesnakeJacksatSkinGulchLarimerCountyCO",28.6033742460264,56.2412449528707,50.1768299349311,13.7423877409995,15.0779660072456,12.5148299113423,25.5379252012084,4.5711700673006,0.386401374932049,-1.53529930750833,9.25974829342901,-8.18548979726778,37.1909592187069,14.4254727967742,-0.0186598591037645
-105.33,38.88,"LittleBlueMountainCO",22.7384149793054,29.686741356136,60.7864763023091,11.193367306878,13.3220067624332,10.8970475586093,22.9771972967654,2.97324489300348,-2.39809524161475,-4.01152383347302,6.50551020693617,-12.306836806187,31.1012499861571,12.5423741277029,-3.05273641858465
-105.3253,40.3653,"RooseveltNationalForestCO",32.208034003673,57.3232992944263,55.6992653924592,15.1581768707759,14.8465917726763,12.3460543917961,25.1228707501677,5.05544215967866,1.55710884777918,-0.771979584510685,10.3709591975828,-6.90559183983576,40.0971938903336,14.3427397685797,1.06262415525389
-105.18,40.57,"LoryStateParkCO",30.3881700533588,60.2725918422751,47.1819864698008,13.6797823630223,17.0998503075165,15.4806463053437,28.0308162274004,5.96338095510898,1.41632652561478,0.350918370204008,11.6075986258838,-8.37337413450488,37.8806326821142,16.6436734488424,1.25036734679942
-105.17,39.88,"ChatfieldNaturePreserveCO",29.6814422404685,53.3755104420136,42.422285822784,15.7646327057258,18.2163334184763,16.2820204196333,29.0745033861018,7.64020407889165,3.27863947246351,1.72325852057155,13.2667074787373,-6.16082993332221,35.310967802748,17.8032653257758,3.02694388461255
-105.08,40.57,"FortCollinsCO",27.2216870780705,51.4395443225393,39.75623112106,11.3684625724698,17.6830408556932,16.3618639504828,28.7965917262901,6.31413607025633,1.87507484171565,1.15985713043206,12.5989524101724,-8.50898636928221,32.4464812735349,17.2889081506806,1.78122450325948
-105.07,39.43,"RoxboroughParkCO",38.581979626701,72.7039185210961,55.5076052510009,23.6795509672489,17.0440408161708,14.54665991076,26.9200475524072,6.75499999644805,0.707972794162984,-1.17280952531059,10.1406735043947,-8.74695916078529,47.6182635915117,16.3164370689465,0.232219403115462
-105.0678,39.9195,"BroomfieldCounty",27.6096462268053,50.4824624945517,41.7617482976849,13.5092381120336,18.7708435415411,16.9521837299373,29.8738640246748,7.78967344923084,2.98106121976359,1.68514966072679,13.2194898306918,-6.83208163011642,33.3407737827689,18.346641186346,2.76340477026644
-104.9,41.07,"CheyenneWYCO",25.6985306476249,46.4237415855434,50.9524284544445,10.7591564199653,15.1565918014163,12.5753945606906,26.1973061334519,3.88629251229418,0.580088450313628,-1.03606802012239,10.5393401230274,-8.53014965284439,33.4584642768945,14.4538962519633,0.388302725093553
-104.8472,39.7243,"HighLineCanalCO",29.4940749585223,49.661612342815,50.5151497068859,14.0403672890598,18.3089183463531,16.1450271444256,29.4234285938496,7.08385715435962,2.76108843990329,1.48070068175898,13.4550680238373,-7.22457145671455,35.9278010743208,17.740307809747,2.61807142219627
-104.6,48.68,"MedicineLakeMT",21.7707551252208,31.5115306871012,55.6744693525794,8.99401364693431,12.4931768845944,11.7317958888756,26.6649864482231,-4.55758503721837,-0.805421775244936,-1.56223809072862,11.4650952442974,-15.3571496172016,29.4876922029589,11.5830935461187,-1.56492855971945
-104.5,38.62,"AikenCanyonCO",18.4031769256709,32.2286800989488,59.5276190504736,7.64874830983934,19.0959591735788,17.5980204108621,29.8885783111157,7.7052653066966,2.32543539737358,1.38712244810296,13.2719659999925,-8.123952364435,29.4520560962332,18.5719558005633,2.21514287025852
-104.47,32.1,"RattlesnakeSpringNM",41.2392788529396,18.0712381002246,49.6407073501016,11.2162448845417,24.4845782104804,25.6223673917809,33.9979320578024,15.2153673366624,8.43744221315751,7.77465985178137,18.4727279312757,-1.30726530113999,30.0418672969519,24.8300612491815,8.34439117376864
-104.35,37,"SugariteCanyonNMLakeDorotheyCO",44.3041631066982,52.7505169514896,77.3564083527546,21.9627346911398,14.2528707267476,12.4274490187768,23.2381905017256,4.58814284996111,0.52828572055667,-1.74208842876817,8.48521770263205,-7.49648301617629,49.0934557755205,13.6266632743028,-0.056267005438935
-104.3,32.45,"CarlsbadNM",38.8861157461196,18.1122176555194,45.7579592652872,12.1840544340397,24.9667755113978,26.1917075202579,34.8474353478879,15.2973470039108,8.74769389882785,8.20727890364978,19.0909796020612,-1.45191837417684,28.7350867752415,25.3258163458636,8.64850850759049
-104.17,36.97,"SugariteStateRecreationAreaNM",36.5808162628388,38.1581087582776,75.4427209808713,14.6171292346351,15.9444285639289,14.1931701030861,25.2783809454263,5.70871432602,1.84506803426613,-0.309693883876412,10.4741837021445,-6.65380273222112,41.1996938091557,15.2811734846153,1.33893878007827
-104.14,44.08,"FourCornersWY",40.6037074603191,61.8275646936326,61.9811906100941,27.8499115729819,12.0952517155076,10.2532381084906,24.2633197161616,0.0633197253582633,-2.62763265581155,-3.96751020672624,7.83802723235824,-13.129789073451,48.0655935842569,11.6687823163795,-2.97172617590764
