"mypoints.id","ppt_ann_slope","ppt_fal_slope","ppt_spr_slope","ppt_sum_slope","ppt_win_slope","tmax_ann_slope","tmax_fal_slope","tmax_spr_slope","tmax_sum_slope","tmax_win_slope","tmin_ann_slope","tmin_fal_slope","tmin_spr_slope","tmin_sum_slope","tmin_win_slope"
"AikenCanyonCO",0.108921402157569,-0.0877960509548384,-0.000634333333190594,0.524012829608658,0.000103163309648722,0.0214389120990121,0.0356126205775204,0.0247475182280251,0.0119723127326186,0.013423196857884,0.0100173212676531,0.0198208512031303,0.00461877588208031,0.0134242138570668,0.00220544412833491
"AlbuquerqueNM",-0.0940590891610756,-0.124886735172398,-0.171967688904328,-0.0622632032713912,-0.017118729296185,0.0424753829573288,0.0516232339703305,0.0517978935501203,0.0303857795559634,0.0360946247529011,0.0596020153681209,0.0671209519376762,0.0744768711247919,0.0525711573386679,0.0442390810713477
"AnzaBorregoDesertStateParkCA",-0.1760175384233,-0.15810527696964,-0.214917825561719,-0.139022960345685,-0.192024090816156,0.0136068985089152,0.014849456605457,0.0301773159520157,0.00306939352126367,0.00633142795692482,0.0608101635644226,0.067982685728138,0.0578687744886697,0.074858545024379,0.0425306490165036
"AshlandOR",-0.0518416010639093,-0.338606046618652,0.0617265963716568,-0.149325510178293,0.218838556169652,0.0142707325244436,0.0194038478209046,0.00805833540806138,0.0146216304934754,0.0149991163753329,0.0145168964642173,0.013975373925071,0.0124836052410925,0.0234904432945511,0.00811816339615457
"AtascosaHighlandsAZ",-0.138158268572249,-0.329092105963604,-0.225441258418545,0.181003755023387,-0.179103464930237,0.0142481206387892,0.0241702382094197,0.0311405090085507,-0.00231799054308012,0.00399972588026635,0.0281025157106381,0.0362139093227127,0.0344001722153352,0.0287544503179535,0.0130415309865509
"BearLakeNationalWildlifeRefuge",0.000746867395945366,-0.0815910914357828,0.156489007075058,-0.166712013526034,0.0948015674705409,0.0234123815812937,0.0342705821828779,0.0255468018565858,0.0304008832918548,0.00343125899385686,0.0159781304836276,0.030523945603545,0.00552877619333548,-0.00137999820060475,0.0292397983382348
"BeartoothButteWY",-0.0594484777961461,0.110101903993256,-0.0991908987525382,-0.0565765004093149,-0.192128416015989,0.0104275846094222,0.00832404775449959,0.00961520454092393,0.0191141488600751,0.00465693728219032,0.0286567861414868,0.042202925482879,0.0275876539682043,0.0138897955626983,0.0309467695521658
"BeniciaCA",-0.0179097914068671,-0.393257889722583,0.171041115250717,0.000363980420939538,0.150213628423457,-0.00341260307500164,0.00111707547894963,-0.0164209886797432,-0.0217498999874607,0.0234034008882485,0.0155577978583015,0.0187964968454271,0.0177695926679234,0.0118199318606839,0.0138451700591717
"BennetHills",-0.0549267350674574,-0.101959755667046,0.0776653768253977,-0.157511768313695,-0.0379007931144865,0.0157744046692818,0.0223827548091917,0.011520854583403,0.0183987370964622,0.0107952721880711,0.0647635129751118,0.0686860547759602,0.0564128579062467,0.0854395941001217,0.0485155451181186
"BentonCountyWA",-0.0159438169991253,-0.0514596572565234,0.0639893165625454,-0.0928943491270559,0.0165894218245328,0.0141018045451618,0.017365039355901,0.0076276928064775,0.0277222068942321,0.00369227912403692,0.026087942835463,0.0404662238289508,0.0125842193420343,0.0188053409420714,0.0324959872287958
"Berger",-0.0344394002985575,-0.0791021120761123,0.105684281530834,-0.153335989708189,-0.0110037809407631,0.0210865330014404,0.0319981327105544,0.0189392144177235,0.0324069136016222,0.00100187127586123,0.0361250515765556,0.0402980265715698,0.0348375511658537,0.0426048681849527,0.026759760383846
"BerkeleyCA",-0.0676508876798383,-0.623233092504802,0.14948228126664,-0.00708224408429901,0.210229504603108,0.0250447451500667,0.0309402758734569,0.0234746874270798,0.0259297662203006,0.0198342510794295,0.0026427204389962,0.000228977706156612,0.00878527290967057,-0.0110596274032073,0.0126162585433649
"BidwellParkCA",0.033646615778605,-0.399228505681389,0.245416490400264,-0.0391364971274981,0.327534975523043,0.0099126977093368,0.0114575549858768,0.00593673514671078,-0.00112115217714894,0.023377652881908,0.0206861916804358,0.0167459542735094,0.0226362922807942,0.0262474862247911,0.0171150339426485
"BigBearCA",-0.218047582596268,-0.201946393788419,-0.654791157302378,-0.0449178882825131,0.0294651089882378,0.0108101853383643,0.0137384669959142,0.0223268355479857,0.00190792239442182,0.00526751641513552,0.00220713465371198,0.00027238066293949,0.0123227218353525,-0.0137534687794796,0.00998690489603545
"BigChicoCreekEcologicalReserve",-0.0303729511382245,-0.810791490464285,0.344766991126295,-0.0535169738318993,0.398049668616991,0.0257403130515094,0.0358094855068493,0.0190564657392958,0.0272802017497372,0.0208150992101552,0.0658391844486298,0.0836149334096588,0.049830852211738,0.0706699658413321,0.0592409863317904
"BigCreek",-0.516139908176926,-1.21924156200362,-0.0823686059518733,-0.0189083010001349,-0.744041163752074,0.0198710199034944,0.0257311217963291,0.0250965960496137,0.0125258863539921,0.0161304754140426,0.0438164810812874,0.0460101352094794,0.0463998986514551,0.0599258567200225,0.0229300337441924
"BlackfootValleyMT",-0.0967334307020616,0.155105205279629,0.0185231630331807,-0.133851905732739,-0.426710185388317,0.0144335890407428,0.0161709181705908,0.0105930239002722,0.00997133280955196,0.0209990812825565,0.0237627981222063,0.0387718706873885,0.0147722123572793,0.0259577214150201,0.0155493880291375
"BlueLakeCA",0.024149155531671,-0.555445681713066,0.407396136124928,-0.0533992860509445,0.298045453765767,0.0144310809884752,0.0201188452389774,0.0192998962337466,0.00731544338926958,0.0109901390919072,0.0192020312975458,0.0188164276736124,0.0268779583853118,0.0160955416912932,0.0150181974399658
"BoiseFrontID",-0.140992942376024,-0.340329080428801,0.0885215632607341,-0.175174857528538,-0.136989394807491,0.0128301275549394,0.0204235366366957,0.0131318029092281,0.000874864552296736,0.0168903061215367,0.0277449996844187,0.0274647617841862,0.0342164286220966,0.025097787850568,0.0242010204808242
"BorregoSpringsCA",-0.127674009426389,-0.139610312757729,-0.140880273608958,-0.0812427924372227,-0.148962658901646,-0.000813281617196985,0.00101258783924347,0.0141027490135765,-0.00455400155515096,-0.0138144617664571,0.0531671086764661,0.0541322119219773,0.0577640125216272,0.0633441472215721,0.0374280630406878
"BoyceThompsonArboretum",-0.314782417495703,-0.643973359825457,-0.552075572765248,0.0307032004221776,-0.0937839378142843,0.0180123967135037,0.0191368367720626,0.0407186365776326,0.00631496215353197,0.00587915135078718,0.0203906105012714,0.0228196590287346,0.0332293187193318,0.0143426136094697,0.01117085064755
"BroomfieldCounty",0.0765089257115333,0.0488756265848568,0.200166869325702,-0.0774892775379879,0.134482484473562,0.0310543286749699,0.0438578595596107,0.0303088447350222,0.0355379938917092,0.0145126165135378,0.0293097962895218,0.0413390137032181,0.0265262579583392,0.0292978944259438,0.0200760190705863
"BrowderRidgeOR",-0.263478287434723,-0.216687519311095,0.847129803871621,-0.331628043568964,-1.35272739073046,0.0174495077721115,0.0164613584048893,0.0180126523566082,0.0218568448955512,0.0134671754313975,0.0167135199221631,0.0166361566511344,0.0255277551769526,0.0105717664105553,0.01411840145001
"BryceCanyonUT",0.0469344612527766,0.0759750999043994,-0.187666530689212,0.12232992598901,0.177099349806909,0.0207883239126617,0.0232677860000506,0.027098536661693,0.0150858173240608,0.0177011556648428,0.0522536816251889,0.0546858833513547,0.0598682324385562,0.0536306790429719,0.040829931667873
"ButterbredtJawboneKelso",-0.0590655336888675,-0.157648159278047,-0.165319899248251,-0.0414177221211218,0.128123645891949,0.0194000577886087,0.0248358451103678,0.0201943889280563,0.0162161863417851,0.0163538107742257,0.0453746847212822,0.0488708491228063,0.0436758855977381,0.0502850314224659,0.0386669727421182
"ButterflyValley",-0.116310156892378,-0.690904266024833,0.36791767293904,-0.0999082348381208,-0.0423457996455998,0.00561929399261678,0.0118616346599295,-0.000721089337147693,-0.0014775518170829,0.0128141824647683,0.0575576445076386,0.0658962256614702,0.0477398295984382,0.0768927538800401,0.0397017688906061
"CalWoodOutdoorLearningCenterCO",0.134131424574861,0.111338983116637,0.252535788579053,0.000308543792387012,0.172342382811365,0.0198209441438014,0.0258768015653911,0.0199335402371932,0.029793738929593,0.00367969584302834,0.0489319053565652,0.0615971767661624,0.0378079257080597,0.0630413616595625,0.0332811572924763
"CamasNationalWildlifeRefugeID",-0.07893864918657,-0.023092243524623,-0.0274614974876655,-0.238361057225539,-0.0268397985084525,0.0175322708447865,0.0267240493111061,0.0247299324330829,0.0153646603409125,0.00331044129404431,0.0295721077673188,0.0314052040368115,0.0370960189878535,0.0202131953693572,0.029574012675253
"CarlsbadNM",-0.0102188382823643,-0.121705016617134,0.0739559833226461,-0.00904621620567513,0.0159198963707059,0.0310840059624238,0.0346225898768627,0.0337631276189058,0.0407285395122711,0.0152217668416547,0.0284116408224756,0.0335392187986853,0.0213043881435784,0.040930848121643,0.0178721082259958
"CascadeSiskiyouNationalMonument",-0.175204668480327,-0.541577788804331,0.0789665365219111,-0.185939357438414,-0.0522680642004736,0.0170609168191345,0.0146218681011067,0.0117633680745858,0.0256741448486747,0.016184286252171,0.0573703226453203,0.061973604541462,0.039028265154477,0.0769267001281789,0.0515527207571633
"CastleRocksStatePark",0.0133191727284266,0.0270890875860135,0.142475347567578,-0.17685975184246,0.0605720076025749,0.0164383079167013,0.0238790488405293,0.0198370732742102,0.0260686404040074,-0.00403153085194173,0.0284651277268774,0.033401292320721,0.022170407968719,0.0434557812716684,0.0148330293464012
"ChamaValleyNM",-0.0814610788361712,-0.194644895929868,-0.142543606239111,-0.138050268531657,0.149394455355953,0.0265987236208606,0.0324998278196167,0.0328817306732646,0.0278318394771239,0.0131814965134373,0.0332199917710861,0.0279888098207968,0.0299769393438284,0.0325982997368793,0.0423159181828402
"ChatfieldNaturePreserveCO",0.0741854119156393,0.0499549092321981,0.14153796473328,-0.0416780671862514,0.146926840883331,0.02244579935307,0.0352434007813328,0.0238819037002773,0.026673334536909,0.00398455839376066,0.0361103993182888,0.0483868030372526,0.0300809524487071,0.0354545920235771,0.0305192497636186
"CheyenneWYCO",0.122693724590005,0.157387546548227,0.151241440124252,0.109667205810546,0.0724787058769947,0.0211675075637049,0.0297331307777739,0.0243289786617774,0.0213199612234729,0.00928795959179602,0.0189132902038847,0.0276927203842167,0.0181349993400833,0.0202244896791418,0.00960095141209703
"ChiefJosephHighway",-0.0895304431639563,-0.0594955472556909,-0.225336450524882,-0.0665541842843402,-0.00673559059091182,0.0259849659160896,0.028645069807464,0.0167214609956254,0.0251344554278317,0.0334388774334371,0.0376447285377566,0.0460624483710497,0.0400031638738452,0.0222255103928702,0.0422877915132613
"ChumstickMtn",-0.358838287043293,0.224782898255758,0.295373738704084,-0.267604353625619,-1.68790543150739,0.0306489376712284,0.0245728567118445,0.0265500012567253,0.02970030706756,0.0417725856487836,0.0581012328823579,0.0623282643759839,0.0536199661379135,0.06221819669211,0.0542385043234242
"ClatsopOR",-0.307839175272152,0.721477424141499,0.628314390766377,-0.495209521906716,-2.08593899408976,0.000237594175906362,-0.00549285807577111,-0.00739227697151868,0.00747833498481178,0.00635717676610361,0.0305317176523188,0.0358555094563231,0.0305300338072132,0.0374708507985485,0.0182704765471902
"ColterCanyonGrantTetonNationalParkWY",-0.170599947892078,0.046034293239619,0.14101788125071,-0.208547315597535,-0.660904650461107,0.0248003134594716,0.0254350681388179,0.0333703734406403,0.0180854728594928,0.0223103393989356,0.0522028314181585,0.0569830615663914,0.0508459174503782,0.0523634343158428,0.0486189123400214
"CosumnesRiverCA",-0.00930352977157915,-0.348367987944409,0.100894459475871,-0.0383846585264075,0.24864406790863,0.0113150004870224,0.0135067324735681,0.00412595917578461,-0.00550762221926768,0.0331349325180053,0.0104123465341775,0.00623598650199228,0.0139404414462394,0.0138007146484997,0.00767224353997885
"Cottonwood",-0.0428677712584871,-0.231128665499744,-0.236243265986278,0.295656492737483,0.000244353714590851,0.0367473984413408,0.0438574743595254,0.0548104200233408,0.0217439142862956,0.026577785096201,0.0282775670747388,0.030937925261908,0.0327962594897468,0.0302503692860502,0.0191257142612504
"CottonwoodPassGunnisonChaffeeCountiesCO",-0.10151579634673,0.0455077051305447,-0.457796967629673,-0.0340768062825106,0.040302883394722,0.0171857231584232,0.0187757154108108,0.0333941150628993,0.0340103405997869,-0.017437278439804,0.0481010370737506,0.0523444903516495,0.050768500594866,0.044276564769054,0.045014592579433
"CottonwoodSpringCA",-0.0642849238611106,-0.0542489476288437,-0.102331360378524,-0.158461494614833,0.0579021071777585,0.0240952582180906,0.0265306786777208,0.0463102415954176,0.00936834452103577,0.014171768078188,0.0573730867229668,0.0643791475669056,0.0544822116226565,0.070210376077769,0.0404206116245363
"CratersoftheMoonID",-0.0499008381629654,-0.038289295934698,0.0235100069581245,-0.190669181504267,0.00584511782897965,0.0144072886125572,0.0227130974302082,0.0177920439124718,0.0184074826143226,-0.00128346950677381,0.0547489454202215,0.0664773134555237,0.0513602377746735,0.0583557490913233,0.0428024813593653
"DardenellesCA",-0.225053966255581,-0.925519244123494,0.322488788528508,-0.214038542851134,-0.0831468665762035,0.0345618276369004,0.0409511897028708,0.0291598629546003,0.0449979238445256,0.0231383340456048,0.0425947442232809,0.0516769045159905,0.0348029245219517,0.0385557474814304,0.0453434003737508
"DowMountainWA",0.30095314355811,1.41683269609399,0.611231041230313,-0.235208110976457,-0.589043052115409,0.00857841842636769,0.00780731155758796,0.00105755035569065,0.0235459544382937,0.00190285735389817,0.00996499207066805,0.0114570079318115,0.0121893197284112,0.0146907158611584,0.00152292476129103
"ElDoradoNatureCenterCA",-0.164539405133539,-0.173834828862629,-0.350627892962712,-0.0323610534444673,-0.101333845264349,-0.00317794086170837,0.00670438734041592,0.00424894443174609,-0.0273996887726034,0.00373459355360798,0.00645220232253167,0.00701326318338596,0.0111356136588013,-0.00145931908873469,0.00911925153667423
"EscalanteDesert",-0.00718282287789919,-0.0619926493356421,-0.0499857498447534,-0.146654765755952,0.22990187342475,0.017155204008715,0.0289378573943158,0.0282586732527023,0.023191019499383,-0.0117667341115409,0.0368016235581536,0.0390175482859443,0.03040050997988,0.0487623472116432,0.0290260887551469
"EugeneOR",-0.394641225400071,-0.356936136643295,0.0193413495693066,-0.276534119528167,-0.964435994998129,0.0135198797741716,0.0126694573026127,0.0107567677205924,0.0279421040800962,0.00271118999338493,0.0156311056779723,0.0196959172716352,0.0173491839385357,0.0158569409409348,0.00962238056078348
"FallCityWA",0.167598633594481,0.628797628092928,0.542064433130277,-0.195299280173823,-0.305168246671458,0.0144647938580741,0.0189139754107211,0.00798772568605381,0.0294158761679722,0.0015415981675493,0.021936785907605,0.0297118710255135,0.021081598287537,0.0243871438746549,0.0125665304427143
"FiveValleysMT",0.0344595735971216,0.171958953823362,0.0425576125115767,-0.0506123493358391,-0.026065922610614,0.0213369133421633,0.026183535294468,0.0151115285782587,0.0276930998458345,0.0163594896500917,0.0282437664111538,0.0405777202907088,0.0169454758677657,0.0303927193369185,0.0250591501492223
"FortCollinsCO",0.0574674180310324,0.083476534120891,0.0765817537599689,-0.0330894972069739,0.102900881450243,0.0196095411177902,0.0340943540845597,0.0185022768357983,0.0214399354636264,0.00440159808717622,0.00795934488212053,0.0179684011630562,0.00303874139202008,0.00726523503154321,0.00356500194186272
"FourCornersWY",0.0842471438301662,0.089426633703465,0.0730595620311045,0.0454510224270979,0.129051357158998,0.0125249908423228,0.0261903038276294,0.0132563250243258,0.00504330077138856,0.00561003374594713,0.0503077897488862,0.0670160209009943,0.0321335378372219,0.0438676889737447,0.0582139112835838
"GiantSequoiaNationalMonumentSouth",-0.0689406563280594,-0.24471312926436,-0.125761948257564,-0.0349873794991757,0.129699831708861,0.0448837483821272,0.0541883281461237,0.043442853681084,0.0534952737847151,0.0284085379165859,0.0693653146596071,0.0930197607241825,0.0444998635447007,0.0768164636894148,0.0631251706801305
"GilpinCo",0.0880260776694182,0.016979324833876,0.126881113802496,0.0264583270728183,0.181785544968483,0.021008886953081,0.0291708498584984,0.0246883330458688,0.0255168744820316,0.00465949042592528,0.0402059435668769,0.0518312923554458,0.0321695242033397,0.0533062564029174,0.0235167013058045
"GilpinCounty(uppercircle)COsplit",0.143173716753321,0.0477026586143339,0.192970433834478,0.0544305899029692,0.277591184661502,0.0258670478502326,0.0315970047558247,0.0291671426036731,0.0361757454904566,0.00652829855097595,0.0648844389862628,0.0794043195482065,0.0561637767212986,0.0803650688800682,0.0436045907954779
"GlassMountain",-0.0345043525311995,-0.450670374230463,0.0760326828987519,-0.0846677493704418,0.321288030577356,0.0355348984505047,0.0391012920489929,0.0392407144829124,0.0424318737886389,0.0213657134814746,0.0814598554711501,0.0823574145911199,0.0778265984236978,0.0938770067196999,0.0717784021500828
"GlenHavenCO",0.150897897202141,0.16572081797788,0.19000504453166,-0.0611882608764023,0.309053987175429,0.0288206036851368,0.032694765718616,0.0298371425453499,0.0405892481771456,0.0121612582994359,0.0536187158177803,0.0621846255500402,0.0512729936237542,0.0588636740616389,0.0421535700356878
"GoodingCityofRocksID",-0.0944639637712137,-0.0894883346486659,0.0774075835659392,-0.193811833882058,-0.17196327012007,0.0168162742554888,0.0218490110354207,0.0156578914567725,0.017082480605768,0.0126757139239942,0.0474246767291016,0.0527632663999589,0.0427362240371009,0.0587136717394094,0.0354855447399373
"GoodingCityofRocksNationalReserve",0.0133191727284266,0.0270890875860135,0.142475347567578,-0.17685975184246,0.0605720076025749,0.0164383079167013,0.0238790488405293,0.0198370732742102,0.0260686404040074,-0.00403153085194173,0.0284651277268774,0.033401292320721,0.022170407968719,0.0434557812716684,0.0148330293464012
"GospelHumpID",-0.248995020720239,-0.114633362714937,0.0552423735378555,-0.238828167243145,-0.697760926460729,0.018087382001681,0.0200906461350569,0.0153550669936095,0.0234515361396636,0.013452278738394,0.0441962073862768,0.0550780957601458,0.0354817350586356,0.0507164290446003,0.0355085696817255
"GothictoBrushCreekCowCampCO",-0.0807531917034364,-0.0898674079836627,-0.20924940926688,0.0310085082459611,-0.0549044578091623,0.0291774243949579,0.0299460900331006,0.038654558301783,0.0443547974800575,0.00375425176489085,0.0708160979659645,0.073642789135706,0.0719523835491362,0.0708485381001112,0.0668206810789043
"GrandCanyonDesertView",-0.0101414795563434,0.0309849367387035,-0.23780167269096,0.175095441124286,-0.0088446233974022,0.013857915243324,0.0148942202613466,0.027312546846818,0.00437394135663299,0.00885095250849819,0.0250649074774527,0.035357925269474,0.0238776206833367,0.0253720434020166,0.0156520405549835
"GrandCanyonNorthRim",-0.280457262339285,-0.226122854549159,-0.712002652789257,0.190063265359828,-0.373766807378554,0.0285602806092929,0.0262068009052146,0.0484576557769255,0.0380312242962066,0.00154544145882533,0.0494504598620646,0.0574977558106185,0.0501422454913457,0.050086088845519,0.0400757493007751
"GrandCanyonSouthRim",-0.124615876934599,-0.0774059442136762,-0.341235163082071,0.0321963672613608,-0.112018767704009,0.0305819363273731,0.0322751987223723,0.0440715295279106,0.0300287718999953,0.015952245159214,0.00948732955522239,0.0243531635845219,0.00760918381110747,0.00070666560510381,0.00528030522015623
"GraysLakeNationalWildlifeRefuge",0.0488500180689705,0.0800612506863411,0.134603365894888,-0.147904217389165,0.128639673083818,0.01982476218168,0.0296272462497458,0.0241714634295224,0.0226021760823779,0.00289816296507356,0.0284942669963616,0.0331557479390612,0.0372249993345491,0.0141072448824538,0.0294890758293825
"GrouseCreek",0.00391405398140142,-0.0219347938712764,0.173827953581907,-0.158084797664565,0.0218478538795393,-0.00176013678160242,0.00744091768654043,-0.000516531061963738,0.0133829230353944,-0.0273478567863808,0.0252898131259028,0.0350946936942795,0.0169198646853824,0.0366743867575717,0.0124703073663775
"GuadalupeCanyonAZNM",-0.118909694461638,-0.299887078203717,-0.133761428351578,0.116236357018353,-0.15822662830961,0.0244445837841553,0.0346974439037091,0.0363210959661577,0.0111039140273111,0.0156558812394435,0.0386410805958063,0.0452949992106073,0.0441813623003003,0.040915239651998,0.0241727212203198
"HagermanID",-0.0798959806633653,-0.141430743025983,0.0432325786068329,-0.160503912625856,-0.0608818456084546,0.00539639872992986,0.0170331641443733,-0.00199857380925411,0.0124083172545139,-0.00585731266991419,0.023548341980394,0.0286150001402514,0.0216102723546681,0.0254627554108495,0.0185053400158071
"HallValleyParkCountyCO",0.0769518839400643,-0.0121820458587332,0.164584488836275,-0.018595822741385,0.1740009155241,0.0166170922850518,0.0219936749422732,0.0239429254880568,0.0236223127079661,-0.00309054399808855,0.0317963691657015,0.0416812927524247,0.0299294221147794,0.0294337414359661,0.0261410203596359
"HastingsReservationCA",-0.108383674909405,-0.395419353897475,-0.222048887125388,-0.0319764285917286,0.215909969976969,0.0131152058296464,0.0198513655759852,0.0131113670310198,0.01406628881182,0.00543180189976095,0.0536678234614483,0.0529233671856575,0.0506163966452994,0.0520455778861535,0.0590859521286828
"HighLineCanalCO",0.0487251782184146,0.0921125877633387,0.0205073571529513,0.0324013791278909,0.0498793888294779,0.0217470399224434,0.0352316988893109,0.0249665704714197,0.0193220010095713,0.00746788931947171,0.0298159771949864,0.0405610205395287,0.0263698977708411,0.0369978567694321,0.0153351337001437
"HillsdaleCountyCO",-0.102803520811658,-0.216243404579811,-0.230192513952451,-0.101030846550351,0.136252681835978,0.0153886136778932,0.015287075796399,0.0205463617338109,0.0193474454944634,0.00637357168689967,0.0478096178782229,0.0487408828187962,0.0543497623447454,0.0341326876973012,0.0540151386520489
"HorseshoeMountainCO",0.0403204760827175,-0.0566315945516633,0.111251123616485,0.03782308944634,0.0688392858197089,0.0269218444353568,0.0301662912762084,0.0379163934949303,0.0294713935073541,0.0101332994629344,0.0334221003310388,0.0348264968154482,0.0343598653599114,0.0316894905243804,0.0328125486244152
"JarbidgeNV",-0.201707347758671,-0.381232195273548,0.15522209842189,-0.322396828339619,-0.258422465843408,0.0329130358657116,0.0412394541349945,0.0354827899308431,0.0401244908611794,0.0148054085358293,0.00132288264544665,0.00929714303691775,0.00205799358700513,0.00574544123190192,-0.0118090472740381
"JoshuaTreeCA",-0.111946316447259,-0.0596475522818208,-0.152162381438447,-0.254932545763804,0.0189572136950375,0.0140222698652825,0.0145889430792157,0.0302027895012679,0.00237183700613441,0.00892550987451244,0.0481006886392435,0.0512655763304002,0.046338571579826,0.0607666676060682,0.0340319390406794
"KeblerPassEricksonSpringsCO",-0.139967221337922,-0.212675224891326,-0.267541188220587,0.0299986048620572,-0.109651077101831,0.0349538003908927,0.0373888395997842,0.0398946935546641,0.0330792876003552,0.0294523808087672,0.0647349643780609,0.0667592500321897,0.0663508841283873,0.0535278561163922,0.0723018672352745
"KernRiverValleyCA",-0.25008325876253,-0.385376168007955,-0.401469922124703,-0.0824977234167564,-0.130989221500705,0.0645324322256914,0.0710482008603154,0.0637804373510843,0.0696678241418333,0.0536332665495322,0.101886011365497,0.111994897253862,0.0908881980236493,0.119620985692861,0.0850399644916155
"KingstonCreek",-0.109086667044757,-0.136092076969023,-0.184860911190915,-0.194633197704597,0.0792395176855072,0.0126917702028826,0.0281738429815592,0.0250626200883565,-0.0156229876498787,0.0131536053914931,0.0612353821221714,0.0732308845004054,0.0508645583060729,0.0679575149542621,0.0528885707279453
"KlamathFallsOR",-0.0812122167098744,-0.219111195464625,0.0461712871360133,-0.0983440833768909,-0.0535648751339949,0.0130042253191374,0.0182353045502488,0.00685962711061779,0.00762850086705236,0.0192934687486312,-0.0161155779517515,-0.0227010878727955,-0.0111526531598144,-0.0223535020983949,-0.0082550686760014
"LaidlawParkID",-0.0650368033936849,-0.0749803030977443,0.0138601044246128,-0.17512557770906,-0.0239014371925474,0.0185286467914155,0.0253302718303642,0.0179729917584631,0.0247314593905493,0.00607986418628545,0.0405422616918527,0.0478131284813087,0.028886223621413,0.0429187736705857,0.0425509209941034
"LakeBerryessaCA",-0.0530081366132401,-0.516607648249793,0.217321843247936,0.00489544160741688,0.0823578169414789,0.0440755865444133,0.0442886053137228,0.0451734352436202,0.0382834315137798,0.0485568741065305,0.00929863092001705,0.0032407830118323,0.0149714955748344,0.012806462949636,0.00617578214376557
"LakeCleElumWA",-0.389655283022623,0.676380891718828,0.654356278010777,-0.876845096998983,-2.01251320482112,0.0446240901816511,0.0378171095900796,0.0513363616786847,0.0534963589298482,0.0358465305279915,0.0344826962359465,0.0376014297240142,0.0310887075964437,0.035199183809514,0.0340414638138142
"LandsEndRoadCO",-0.0823296404379061,-0.122777994846812,-0.13684282465046,-0.0811451647993256,0.0114474225449723,0.0201422442651708,0.0216459838711486,0.0255904084646785,0.00939119008122671,0.0239413946436293,0.020157025021948,0.015054898886707,0.0218940827283821,0.00682622679236806,0.0368528916803348
"LaSalMountains",-0.142064080886087,-0.162488018923066,-0.28237166622869,-0.0559093579872935,-0.0674872804052967,0.0135279920573036,0.0153620064015291,0.0129769384779899,0.00842009920652218,0.0173529241431732,0.0415297029387889,0.0411825517590354,0.0429022794019203,0.0269979573593656,0.0550360232348344
"LavaBedsNationalMonument",-0.050295129221481,-0.131472854291906,0.0193244153626108,-0.15998126084004,0.0709491828834113,0.0295861559903541,0.0324969092031727,0.0238199297587076,0.0356559495212268,0.0263718354783091,0.0148547532707833,0.00956666689112679,0.0167546260002113,0.0268767000380016,0.00622102015379333
"LincolnCaneRidgeWestMT",-0.0659822618687638,0.135583541506812,-0.0436150017887558,-0.100896939473087,-0.255000647720025,0.0143317186241245,0.019305918632316,0.00647905237009764,0.00550214209524153,0.0260397613988429,0.0100717430403472,0.0288785369829813,0.00487829892322754,0.00508632663561372,0.00144380961956606
"LittleBlueMountainCO",0.0332962013466829,-0.092536017225713,0.145984618452941,0.0288699497008815,0.050866254458622,0.0225654781367758,0.0321014997342818,0.0378558499310294,0.0288522494569118,-0.00854768657511998,0.0298790641696363,0.0413893873776708,0.0222438080556894,0.0265652377508124,0.0293178234943726
"LittlePendOreilleNationalWildlifeRefuge",-0.0250531879706041,0.156023330578998,0.215707786683322,-0.381075638767813,-0.0908682303769248,0.031729726896615,0.0313626913148531,0.0346686724416253,0.0325272031381826,0.0283603406917988,-2.7100886313287e-05,0.0149369046786407,-0.0163498295818259,-0.0190081988710935,0.0203127202290255
"LookoutMountainWA",-0.000112693341335166,0.248948862828364,0.432885034003225,-0.0978518091542584,-0.584432861042671,0.0564234869404763,0.0495178588393595,0.0542156808716909,0.0666444204940277,0.0553159875568275,0.0578268791964835,0.0599393879394142,0.0538255447606702,0.0761622784251259,0.0413803056607238
"LoryStateParkCO",0.129154883707766,0.113890825793857,0.161578742857693,0.070764521546916,0.170385444632598,0.0151244129914612,0.0300980284424869,0.0130407495563533,0.0190456763416728,-0.00168680237466779,0.00819601910937969,0.0164332993374188,0.00492710822249199,0.0112257789754541,0.000197889902153842
"LosAlamosNM",-0.0910122816857716,-0.00298832883678154,-0.175669052734667,-0.202376540185549,0.0169847950139113,0.0405495487974615,0.0511240778488368,0.0569503718168558,0.0454333374127238,0.00869040811142951,0.0478222965559333,0.0510996605410259,0.0506487755132776,0.0436202391475236,0.045920511021906
"LostCreekGrandTetonNationalParkWY",0.0817749223786763,0.209663128205955,0.187506467598636,-0.0689979298747317,-0.00107197641515451,0.0181378566712235,0.0201428884566843,0.0262920401696445,0.0187497288840158,0.00736676917454949,0.0322564373292634,0.0401209186420136,0.0355500002980841,0.0210081283981297,0.0323467019788264
"LovelandPassCO",0.12850998368393,0.147057614942796,0.0533495044059492,0.00276851371843072,0.310864301668543,0.0301458158614241,0.0301558489945472,0.0433294556498984,0.0317269733973911,0.0153709854038597,0.0476959175421845,0.0557184342543283,0.0537090155705303,0.0378124484898155,0.0435437718540635
"LowerKlamathLakeNorth",-0.0985054172328388,-0.181184119505136,-0.0280748545920767,-0.104537925880884,-0.0802247689532583,0.0160657053073349,0.0216357150045377,0.00788207459611974,0.0143462223909343,0.0203988092377478,-0.0135638688335933,-0.0320607141895714,0.00352976217001144,-0.024751428077821,-0.000973095236992285
"MagicMountainID",-0.177090383125279,-0.220600518774317,0.0892665450427006,-0.197876425673362,-0.379151133096138,0.0388409507483392,0.0443415957060801,0.0419176860285454,0.0412096918845663,0.0278948293741655,0.00250656449042744,-0.00229996652576795,0.00254384364058472,0.012743335337866,-0.00296095449097302
"MalibuCA",-0.214726012217723,-0.179926368527421,-0.500954598243868,-0.0415149660424732,-0.13650811605713,0.00605131919692182,0.0181319108950037,0.0194683663374711,-0.016522716145937,0.00312771570114891,0.0482595309270485,0.0607433687586366,0.0425775140321175,0.0300454057317206,0.0596718351857192
"MarinCo",-0.164780556739967,-1.1731306585322,0.273235783014782,0.00170642796263967,0.239066220594913,-0.0190276454500601,-0.00176252034245719,-0.0336451338424163,-0.0417118035530558,0.00100887593768903,0.0183297613323952,0.0131419031636245,0.0214355444745953,0.0211139453511663,0.0176276523401948
"MaroonLakePitkinCountyCO",-0.447915185272287,-0.389230572544798,-0.617977142269107,-0.0363473176145241,-0.748105708660722,0.0286477447078773,0.0302406801258017,0.0368504768153842,0.02663223723976,0.0208675846505631,0.055975032822438,0.0597863939586951,0.0631566671206027,0.0442107471504382,0.0567463230600163
"MarysPeakOR",-0.170016162013951,0.398391054974127,0.573130859193353,-0.232405067867263,-1.41918149435602,0.0254582404066509,0.0226316682578755,0.022296291289686,0.0436577574087646,0.0132472446702775,0.031312031580098,0.0354503052491144,0.0286818704411995,0.0354250999697213,0.0256908506603569
"McDowellSonoranPreserve",-0.243944799392051,-0.49445653919856,-0.43170979455823,0.0530883330034396,-0.102701196814856,0.0218192066059631,0.0326058416950463,0.039169863259711,0.00143118929700764,0.0140699321720875,0.0517964710366158,0.0554374812249422,0.064797211082614,0.0469720087894777,0.0399791830494291
"MedicineLakeMT",0.118288598721174,0.0749432977244299,0.0597636437091697,0.288186499812975,0.0502609536381198,-0.00515581598053968,0.00836479610681153,-0.0172232667757133,-0.0278024795428427,0.0160376862895859,0.01191676801834,0.0174513620429603,-0.0103396945321286,0.00589704052931603,0.0346583640332121
"MethowValleyWA",0.0331600207170364,0.184057760218374,0.234525534899867,-0.158281429025224,-0.127661783224872,0.00951642960876212,0.00831302954631576,0.00570629551297121,0.00998618897937597,0.0140602043963855,0.0472119382411229,0.0506623467017396,0.0374105438411388,0.0415291164034889,0.0592457460181242
"MetoliusOR",0.127355555031119,0.0687984399852296,0.276986890893404,-0.0437323139161883,0.207369203162031,0.0177598212660626,0.0183575848008498,0.0165637414471635,0.0292868716700548,0.00683108714618245,0.0134143454409964,0.0186905446303945,0.013371972667028,0.0179354431110175,0.00365942135554586
"MinidokaNationalWildlifeRefugeID",-0.016501093178101,-0.0448748264243814,0.0503735069220974,-0.125500884014431,0.0539978308043108,0.0237356203252317,0.032726630450917,0.0240071059327548,0.0229351051486268,0.0152736397686281,0.00638579101208282,0.00876622363905973,0.00589391225074625,-0.00154156423750374,0.0124245923960291
"MonarchMT",-0.0901418414042916,0.091848058943846,-0.180947151703089,-0.103575805125592,-0.167892467732332,0.0268990807450016,0.0282704057574882,0.0265372084511988,0.0330742192754943,0.0197144894958252,0.0319950165454659,0.0385360892697357,0.0250371069532699,0.0255227882318756,0.0388840817269825
"Monterey",-0.063417497960782,-0.309941363157262,-0.106604360095004,-0.0351169387538692,0.197992670163006,0.0047790676477003,0.0120448647064413,0.00732520794381896,-0.0167827172182045,0.0165289151587452,0.00891386936716484,0.00509272273705914,0.0140926176836701,0.011041394674859,0.00542874237307075
"MortonElrodMemorialMT",-0.0136186271606863,0.0867797283230186,-0.0196126882397401,-0.103507254845431,-0.018134293880592,0.0317625342777354,0.0361084008456344,0.0216810838381449,0.0517903456395987,0.0174703067875638,0.0199496855635234,0.0322510881979196,0.0133125172634007,0.0160708167115036,0.0181643200812697
"MountBadenPowellCA",-0.382131686313569,-0.273439724635762,-0.832014148526802,0.0126824863115206,-0.435755358403232,0.050844140253505,0.0554374848255494,0.0562028543803158,0.0457654738912779,0.0459707479168769,0.0502646512956972,0.0531913267501762,0.0557315311208367,0.0550804752395264,0.0370552720722495
"MountDiabloCA",0.0130537651814395,-0.29272346360875,0.146873675177926,-0.00986193917400272,0.207926788330583,-0.0136121088225827,-0.0103730273733334,-0.0248028875856987,-0.0298928271832109,0.0106203068519124,0.031396361320552,0.0326115319031438,0.0312946944982826,0.0241768375059375,0.0375023813748441
"MountHarrisonID",-0.221522058961141,-0.248156930329849,0.08011550455677,-0.214661754973892,-0.503385055097592,0.0326200928786954,0.0362168030385056,0.0327274473629841,0.0355692165076328,0.0259669046056596,0.0220590642847906,0.0221499310094281,0.0207510546658213,0.0195285376237362,0.0258067338401768
"MountLassen",-0.175721568182388,-1.30189764394254,0.504643301282612,-0.27565577452256,0.370023844452941,0.0437193713635745,0.0501567028574393,0.038214150740176,0.0346967340975392,0.0518098977591437,0.0765004502983486,0.0777299315386712,0.0683694905955598,0.0903206443903195,0.0695817346688436
"MountPinosCA",-0.210575306371444,-0.23007849734022,-0.290312180200743,-0.011055000792606,-0.310855547152206,-0.00922017801375623,0.00693214442454207,-0.00639343586097788,-0.036795236691326,-0.000624183927263765,0.0405596582662491,0.0425320747758254,0.0404050993919371,0.026976664990795,0.052324793906439
"MountShastaCA",-0.0500332702030032,-0.949947665629745,0.452321204425528,-0.00945187534308567,0.306945255735291,0.0287380194299075,0.0346656482398105,0.0248881643807804,0.0377435727022131,0.0176546923968257,0.0307827721037078,0.0315916672098722,0.0284286736747643,0.0361765638014087,0.0269341837287861
"MPGRanch",0.00177943413101509,0.0969474456991468,0.0107190777655367,-0.075666532526616,-0.0248822544140066,0.0213800068331096,0.0245330580942283,0.0145076189884525,0.0355149284025439,0.0109644218472143,0.0245699406300868,0.0350819395360898,0.0159911562146327,0.0240549673352923,0.0231516994343323
"NaturalCorralPreserveWY",-0.0880648101714193,-0.0586720788397754,-0.21528427299188,-0.0687764301105419,-0.00952645874347802,0.0245359261397456,0.0281891833760201,0.0150713599052559,0.0218766987080477,0.033006462569659,0.0384392777459496,0.0474607144458359,0.0408770753723588,0.0227484027463561,0.0426709184192476
"NorthForkKernRiverValleyCA",-0.067691298549459,-0.161352958052105,-0.148019465646469,-0.0564444220894441,0.0950516515901802,0.0158588604456712,0.02495871501715,0.00877271590589672,0.0230921396917227,0.00661187116791609,0.0103514551459398,0.0147084009769012,0.0118677577964303,0.00972316547315919,0.00510649633726905
"NorthWarnerMountains",-0.213609586026407,-0.456753364777079,0.163470050201933,-0.203139280886928,-0.358015748643553,-0.00513179562955792,-0.00227343416943811,-0.0133764306542015,0.00542438267039614,-0.0103017003649884,0.0133995828155403,0.0126743536422245,0.0131707143053717,0.0245764626369995,0.00317680067756551
"OakCreekWA",-0.137473574706739,0.0470420008639291,0.216855613293292,-0.203486626395056,-0.610305286589121,0.0344829676629419,0.0295954428947702,0.0339620055977991,0.0343174158796973,0.0400570062795008,0.0483473465048239,0.0456914276017041,0.0456114632768088,0.0639181609380813,0.0381683342027016
"OchocoOR",-0.0983073380510291,-0.225909927000805,0.0536824499182152,-0.190145064726928,-0.0308568103945987,0.0343773645334275,0.0360956802132992,0.024249592686997,0.0294168043785351,0.0477473808548787,0.0437428738510705,0.0519171418556247,0.0403656473720357,0.0472322783867518,0.0354564277898698
"ONeillRegionalParkCA",-0.143658430833835,-0.0961522813518861,-0.620895384093003,0.00740323319118848,0.135010708918362,0.0176988787634843,0.0272166991720396,0.033219116139574,-0.00308812491747805,0.0134478246598015,0.0504652806305561,0.0502911893364521,0.0540443539295068,0.0453442860947175,0.0521812931615478
"OphirCanyon",-0.0599617752136321,-0.110825985649816,-0.015648594778411,-0.204638673872973,0.0912661534466709,0.0130060202319835,0.0241695927438281,0.0201225516747455,0.00580343226997226,0.00192850423938774,0.0449174918615115,0.055007925169403,0.0401717353599513,0.0522556124090339,0.0322346945076574
"OrangeCountyCA",-0.167647219480591,-0.134103505250691,-0.399290208873928,-0.0388900351136936,-0.0983051286840521,0.0196166566764417,0.0260538408707598,0.0335644890013195,0.00860710455446836,0.0102411922792189,0.0543099809990448,0.061134999220063,0.0582369375877639,0.0437617962700979,0.0541061909182541
"OrganMountainsNM",0.00359534900617287,-0.0930335404951955,0.0216828228995126,0.0711094268089557,0.0146226868114187,0.0217046284918883,0.0271253073296581,0.0286028904168785,0.023231568952807,0.00785874726820973,0.0507098555065323,0.0617148291177691,0.0503285026372898,0.0598783010690391,0.0309177892020315
"OvandoMT",0.0310712105426051,0.189294390566901,0.0487489125355574,-0.0850854464047619,-0.0286730145272753,0.0211135448690276,0.0200969713500566,0.0182830925133764,0.0202245576689846,0.0258495579436928,0.0245491148729422,0.0419918024859258,0.0114606462962621,0.0209192171632028,0.0238247935463782
"PalosVerdesCA",-0.149275820514154,-0.232974285103819,-0.315819354414446,-0.0548396945173289,0.00653005197897594,-3.77499408460856e-05,0.00775204022725418,0.0068208811883214,-0.0215833691837021,0.00685944800474222,0.0333034190636914,0.0373767023994808,0.0388717344180258,0.0243398297562892,0.03262540968097
"PaoniaReservoirGunnisonCountyCO",-0.610494136948164,-0.195578499197149,-0.888259326389858,0.0615762294717379,-1.41971495167739,0.00917017923413805,0.0148477876652349,0.0120241151207767,0.0129735413376163,-0.00316472718707556,0.0407787590588563,0.0458869710166741,0.0432262244557038,0.0271231628239763,0.046878677939071
"PasadenaCA",-0.300980492992835,-0.304207328233922,-0.74321196876821,-0.0701751377865623,-0.0863275371826444,0.000948206372812478,0.0165720748901365,0.00769439003094543,-0.0198653385266156,-0.000608300903216428,0.0394529098839987,0.0473756459132343,0.0375318039680014,0.0318813305809385,0.0410228590738205
"PatagoniaAZ",-0.130910651326925,-0.264672621459429,-0.24963571460368,0.180771616578165,-0.190105885822756,0.0226577995747935,0.0336681316012428,0.0396985346930367,0.00556017758894934,0.0117043544159456,0.0517849822483679,0.0598164265060507,0.0591548975095862,0.0485824488944751,0.0395861560833596
"PinnaclesNationalPark",-0.214861024000182,-0.369014527532114,-0.323118646548314,-0.0241398637022088,-0.143171058218091,0.0331455514139059,0.0395347646791106,0.0352758769924138,0.0419222107063345,0.0158493532777644,0.0477038690759515,0.0492424155822417,0.0446861215331117,0.0391054756787358,0.057781463509717
"PioneerMountainsMT",-0.0660039212111207,-0.0229844881290074,0.0075313563249548,-0.217767281347797,-0.0307952716926329,0.0218351358993442,0.0276615978676039,0.0139360892732129,0.0189610207810696,0.0267818356754906,0.0236635119742619,0.0408138095431639,0.0171471768731669,0.0256874491852157,0.011005612295501
"PleasantviewHillsID",-0.114249322287687,-0.100315705931106,-0.00189717704747062,-0.270634453264224,-0.0841499529079501,0.0269263008262227,0.031222956468459,0.0302746971448261,0.0308414274332476,0.0153661222583583,0.0361894222969889,0.0424795577852499,0.0334116666191606,0.0433431980723425,0.0255232667112027
"PointReyesCA",-0.220793856450794,-0.92111216773184,0.0853396247763213,0.021122686035779,-0.0685255688834372,0.000754464929606674,0.00599254754124856,-0.000960204260690264,-0.0137286349705289,0.0117141514083963,0.018406606918695,0.0172833337264806,0.0167855432082196,0.0154531969018534,0.0241043538382264
"PomonaCA",-0.242448424905891,-0.174123340147397,-0.609022374827079,-0.0486895932504142,-0.137958391398672,0.0307112052894775,0.0487272417626416,0.0316868670781455,0.0131001318717492,0.0293305804453741,0.035087933126761,0.0426809185378404,0.0363673793782993,0.0295061895149907,0.0317972450759136
"PortalAZ",-0.0524387825969147,-0.287510929628573,-0.205949831828273,0.344689031898165,-0.0609834008289779,0.0358406364309545,0.0461335383304933,0.0449882613720539,0.0219227186190027,0.0303180274022681,0.0556919130642398,0.0647530267126605,0.0640707485238407,0.0528612239182401,0.0410826531022179
"PortlandOR",0.0451423006761912,0.210226818452888,0.422186580125976,-0.245970643272744,-0.205873552601353,0.0123162233099645,0.0112433366224069,0.00766976213779554,0.0239844821748278,0.0063673123048276,0.0231915639481368,0.027307651021144,0.0236127892683963,0.028530917394729,0.0133148981082779
"PugetPrairiesWA",-0.0460205676809561,0.482037163367684,0.287505218544784,-0.285431890556601,-0.668192762079693,0.00916676891093357,0.0119789483109299,0.000157002721513951,0.0191541856648973,0.00537693894639305,0.0137589032031662,0.0162786740378863,0.0167031293968055,0.0138293876128942,0.00822442176507875
"QuailRidgeEcologicalReserveCA",-0.0530081366132401,-0.516607648249793,0.217321843247936,0.00489544160741688,0.0823578169414789,0.0440755865444133,0.0442886053137228,0.0451734352436202,0.0382834315137798,0.0485568741065305,0.00929863092001705,0.0032407830118323,0.0149714955748344,0.012806462949636,0.00617578214376557
"RamseyCanyonAZ",-0.0167145327339978,-0.233580071150395,-0.123244014454967,0.440631694253344,-0.150665739583973,0.0199534768960913,0.0251390449368224,0.0395412557627879,-0.000130032584780577,0.0152636394695358,0.0341493356547184,0.0424638771078211,0.0406896598241766,0.0311302680060977,0.0223135376807784
"RattlesnakeJacksatSkinGulchLarimerCountyCO",0.0772917932242854,0.102977713768175,0.0841595971580368,-0.0232897282782053,0.145319590249137,0.0114392517319545,0.0216221470735512,0.0115913945314835,0.0209496559091165,-0.00840619058633331,0.045447601396242,0.0589682317251453,0.0394575855294306,0.0567611205983325,0.0266034677320595
"RattlesnakeSpringNM",0.02075352643116,0.0668544878582569,0.0172213562629916,-0.017230545404006,0.0161688070073975,0.031201614498281,0.0356201665579867,0.0346492220430955,0.0439339045440259,0.0106031648480162,0.0329063609532765,0.038421599891379,0.0264518016637588,0.0454581986965778,0.0212938435613906
"RavalliMT",-0.0357018687185787,0.0573437438449085,-0.0611448277421551,-0.135382205304645,-0.00362418567242265,0.0166910975090769,0.019847215111969,0.010745881025483,0.0283497970606999,0.00782149683815574,0.0176422622960479,0.0276544215167765,0.0095187747464547,0.0143247629833872,0.0190710899375733
"RedCanyon",-0.00812044750671012,-0.0348544848451811,0.0906532324576863,-0.107553677226411,0.0192731395870649,0.0186102472555183,0.0262489483089877,0.0185861914579559,0.0238756792237157,0.00573017003141393,0.0398188943196671,0.0560189455159667,0.0396052381553415,0.032425238222492,0.0312261553848683
"RioArribaCountyNM",-0.225924683698916,-0.218309354944295,-0.411906330017819,-0.147422298627342,-0.126060751206209,0.029919363190907,0.0390896940069135,0.0498091482224108,0.0383990180735684,-0.00762040753926457,0.0600177121612236,0.0600017358410825,0.0558316664912162,0.0700020068012127,0.0542354395113834
"RockyMountainNationalParkCO",0.10602232314697,0.112356505199354,0.15315771109393,-0.0462069988737302,0.204782075168324,0.0120019126503781,0.0143463895434425,0.0143444564958818,0.0328345935198722,-0.0135177889576841,0.0642234604731266,0.0800298636393989,0.0511328236215121,0.0779077201878944,0.0478234344437008
"RooseveltNationalForestCO",0.0870050779671797,0.144692689164156,0.0158192863918492,0.0497922792888827,0.137716057023832,0.022081838205558,0.0290771798860458,0.0234613944721872,0.0330916339848315,0.00269714447916772,0.059238443866635,0.0733551362186645,0.0492661561005983,0.071516462491483,0.0428160206557942
"RoxboroughParkCO",0.0343684972001588,-0.043672903338257,-0.0219461114633636,0.0240052450919643,0.179087758510291,0.00896601972581998,0.0196886769443956,0.01445363597805,0.0104446921056634,-0.00872292612482897,0.0293967098610944,0.0450053748082953,0.0214797620302966,0.0366122127876799,0.0144894898181058
"RubyCreekValleyMT",0.0137556617885674,0.00485401807390905,0.15895335502365,-0.174841053891344,0.0660563279480551,0.0125608009715139,0.0139598001022728,0.027892857700789,0.016303131077565,-0.00791258499457117,0.00738656591836256,0.0258671439332622,0.00921074919389929,0.00322795987129205,-0.00875958932500324
"SabinoCanyonAZ",-0.100989387499689,-0.540812180439568,-0.273252750056539,0.340226330732813,0.0698810497645394,0.0309705019889234,0.0433929915655226,0.0453681637965093,0.0165799680696866,0.0185408845239756,0.0421180024049816,0.0501433335680541,0.0526605774107435,0.0506948672508706,0.014973231390258
"SalmonID",-0.0741923032563851,0.0223174529172935,-0.0692706437662345,-0.163645683557276,-0.0861703386193232,-0.0254248555607739,-0.0233916659906609,-0.0138230631951569,-0.0304570736528255,-0.0340276194044522,0.00944925168184259,0.011384693933144,0.00875656441394177,0.00735081696996867,0.0103049314103159
"SanBrunoMountainCA",-0.0435805403920665,-0.480383093090235,0.151459070514814,-7.00331577670402e-05,0.154671894164921,0.00726772127508312,0.0127448286977756,0.00540085010788053,-0.00566625763769865,0.0165914639323749,0.0357966408761992,0.0383696253283493,0.0373262923266613,0.0323183323412524,0.0351723135085333
"SandiaMountainsNM",-0.106242801969266,-0.137405812383509,-0.171454479065883,-0.0970159526301701,-0.0190949637975008,0.0482781861156074,0.0579772076963568,0.0530886040252893,0.0323861512034932,0.0496607815372903,0.063454234991088,0.0712469396348663,0.07989768747782,0.0550987391244796,0.0475735737271861
"SanFranciscoCA",-0.0323538169850785,-0.507299281905854,0.207658326720415,0.00569027302642579,0.164535414218698,0.000233307419991068,0.00449812931268379,-0.00360486270619078,-0.0129276197135043,0.0129675827869753,0.0328594812446713,0.0340896944448252,0.0317248615602248,0.0284737415378598,0.0371496274357751
"SanFranciscoCA(old)",0.0748174910781882,-0.38602602416263,0.278003886411993,-0.000857074037162624,0.408149176100552,0.0111521903349429,0.0117972426836179,0.0119943809833661,0.00567734257704546,0.015139795095742,0.0190133328421587,0.019454690615336,0.0192338776264062,0.0175650001383155,0.0197997629885771
"SanJoaquinCo",-0.0335179780510257,-0.343387685088634,0.0159450105035384,-0.0394423817465364,0.23281314412753,0.00112358657681227,0.0040836021851523,-0.00807475917193369,-0.0156788145441586,0.0241643178381887,0.00914757523140851,0.00519639457164174,0.0127461906679633,0.0110636012083821,0.00758411447764661
"SanJuanCapistranoCA",-0.141942463841679,-0.108905204014289,-0.413751496298707,-0.031164863844985,-0.0139482912087345,0.00797536540193635,0.0120765658787324,0.0173811581021266,-0.0108430327201376,0.0132867703470244,0.0371925178758141,0.0368828581141775,0.0427549326176544,0.0336493537215149,0.0354829270499094
"SanpeteCountyUT",-0.0392568672041187,-0.133862786017308,-0.194115023580538,0.069775404081344,0.101174936700029,0.0221355534287893,0.027444692493296,0.023060883997249,0.0141976915735778,0.0238389456510341,0.0370789026768029,0.0455515994962787,0.0334939450826369,0.0277776154531101,0.0414924506751857
"SantaFeNM",-0.0507178232168025,0.0765943781129362,-0.0880223729557737,-0.261951085612887,0.0705077875885146,0.0311424905996687,0.0333310850461322,0.0378317349135471,0.0272358164495351,0.0261713259894604,0.0370914623918024,0.0398094553839998,0.0383088781269026,0.0321768697589432,0.0380706462973641
"SantaMargaritaCA",-0.164184874671422,-0.338431930959709,-0.173188603155658,0.011115545065421,-0.156234509635742,0.0270937350331524,0.0307394945053828,0.0378030304681692,0.0238332326071606,0.0159991825518965,0.0154633756332277,0.0121174469752377,0.0171447956328895,0.0275720081361784,0.00501925178860522
"SantaMonicaMountainsCA",-0.330610196627376,-0.256954870590984,-0.565804696441312,-0.0240474144008872,-0.475633805076319,0.0322432655623168,0.0381959505146053,0.041898537266011,0.0114416673232097,0.0374369071454418,0.0324154343985362,0.0325374507822958,0.0409945908482788,0.0239657162971234,0.032163979666447
"SantaRitaMountains",-0.576962694938795,-0.836740985970919,-0.639560104644014,-0.200322861247729,-0.631226827892518,0.0322067269500421,0.0434023459428021,0.0420491531917026,0.0027781307454013,0.0405972779202622,0.071786658806484,0.0869183322037159,0.0792972108194617,0.0580001056761966,0.0629309865265616
"SantaYnezCanyon",-0.335075156290063,-0.330306433843446,-0.504779479582668,-0.0242976860388429,-0.480917025695295,0.00514878439254499,0.0225416019335897,0.0112382000319814,-0.0198605480323843,0.00667588363699371,0.0553702893832913,0.0662956142263347,0.0562252696679563,0.0377161219330873,0.0612441517057873
"SapphireMountainsMT",-0.100233314400223,0.137507872549043,-0.0607328428054348,-0.130246121291401,-0.347462166053098,0.0281087921841584,0.0309139761480749,0.0229286057446281,0.0245658521587349,0.0340267346851958,0.0482432135178702,0.0544914629036675,0.0369724825148781,0.0607878198591222,0.0407210887938128
"SequoiaNationalForestSouth",-0.059225323373138,-0.202069554992882,-0.119205887073359,-0.0315345901821671,0.115908738755855,0.0267431855566646,0.0352538454613718,0.0230248254334845,0.0290578838270537,0.0196361875047486,0.0458741413989281,0.0555492191077495,0.0375338091493464,0.0571049315264436,0.0333086058121732
"SevenDevilsID",-0.0992736183051146,-0.102852004375182,0.160258332726096,-0.246055957500626,-0.208444844070747,0.0218400348804029,0.0242353424024417,0.0170766307869737,0.0322385398060286,0.0138096265261676,0.056338783963045,0.0647382975111202,0.0458776195524704,0.0659333008162831,0.0488059179723059
"SevilletaNationalWildlifeRefugeWest",0.036212620217746,-0.0258458769012268,0.030302685786064,0.0984260853056852,0.0419675866804611,0.0285203964734565,0.0310187755312239,0.035117109389532,0.0324791698715309,0.0154665311015382,0.0762404935757889,0.0780183002540245,0.0878451713865153,0.0878671433001147,0.0512313593625009
"SignalMountainGrantTetonNationalParkWY",0.0855348875267168,0.198968806972308,0.219104564919764,0.00821951770458091,-0.084153339489788,0.0158628060672825,0.0189600693245678,0.0249898295864767,0.0159108483061499,0.00359047705193565,0.0131269722651424,0.0223972104397939,0.0158767020810699,0.00318578181015391,0.0110481947295518
"SilverwoodLakeCA",-0.221362276777334,-0.149996527050183,-0.552528176907019,-0.0109685402756223,-0.171955862876509,0.0356158090286514,0.0455459509739263,0.0374757855279104,0.0227997978366151,0.0366417017761543,0.0466365660468535,0.0608166680206247,0.0410070448019067,0.0340166339095757,0.0507059174553067
"SiskiyouCrest",-0.198462235659907,-0.800485705267005,0.210280453883059,-0.0878007418685118,-0.115842949387168,0.0126002712116962,0.0131579607279122,0.00366612262466318,0.0145786338598548,0.0189983676343548,0.0296363527566625,0.030172789272073,0.0250596259970243,0.0453740156507817,0.0179389801067712
"SnowPeakOR",-1.12428470005769,-0.84700175925988,-0.592626435416086,-0.620374487710446,-2.43713611784435,0.0091675680429758,-5.27552439239753e-05,0.00880197370944382,0.0256839445010338,0.00223710920534973,0.012704677166323,0.012715681185629,0.0203984689343322,0.00777534070469075,0.00992921784063994
"SnowyRangeAlbanyCountyWY",0.0619222651302916,-0.0596870379383065,0.255760580731087,-0.029302843445215,0.0809183611736004,0.0133484517839946,0.027622686669129,0.00477173613853177,-0.000809493097318367,0.0218088774256358,0.0273670066828479,0.0388664285684017,0.0153704071620188,0.0244794208176283,0.0307517701833428
"SonomaCo",-0.0967007669985853,-0.629615496435791,0.194238058237903,0.00396282361576422,0.0446115465877818,-0.0209145918427682,-0.0100820028538607,-0.0302540809929775,-0.0434891156436638,0.000166832119429338,-0.00657338472184569,-0.00945037510119335,-0.00550928626741681,-0.00557459227892788,-0.00575928523984491
"SouthernGravelliesMT",-0.0320727920390311,-0.0665516318512614,0.0761848895971464,-0.162049151002145,0.0241247251001347,-0.00310528893893273,0.00711547507315278,0.0044006098614257,0.00556857511299802,-0.0295058158033078,0.0190955435729833,0.0360387416670517,0.0147721082375062,0.0159273472448596,0.00964397714251557
"SouthForkKernRiverValleyCA",-0.100012376610397,-0.184520339001102,-0.226000875298783,-0.0195000668304939,0.0299717746887885,0.0412274147742458,0.0440172784182487,0.0456446640832082,0.0312815964627426,0.0439661201327835,0.0725663693745376,0.0808125514638465,0.0651412576885552,0.0842808863581444,0.0600307819876047
"SouthLakeTahoe",-0.102090331370591,-0.626310931806244,0.488813958378878,-0.28366874746142,0.0128043954064211,0.0380632330391076,0.0440586433929652,0.0349948984708915,0.04144643108861,0.0317529592039634,0.058025850469136,0.0575890483381543,0.0557860540730806,0.0668778924309477,0.0518504070343615
"SouthSanFranciscoBayCA",-0.0800024146771376,-0.33817376825629,-0.0583251360756329,-0.0217862580185218,0.0982755036418941,0.0162778574998685,0.0182252373662934,0.0170660909341307,0.01086483001709,0.0189552716819607,0.00425204898224388,-5.36071524329686e-05,0.00519758623473516,0.00278758457728781,0.00907663226938572
"SpringervilleAZ",-0.0829143782816773,-0.253282555711209,-0.158885340708051,0.0901526335976558,-0.00964225030510518,0.0468063690183924,0.0523156434013729,0.0591588129153871,0.0429663591968771,0.0327846605599331,0.0415458426011733,0.0448234360752513,0.0421392515657128,0.0515256471698789,0.0276950355938503
"SublettMountainsID",-0.223599305729679,-0.0912672058943984,-0.138326433953784,-0.520168341892917,-0.144635241177617,0.0208291148180997,0.0250270405391447,0.0216876167180588,0.0237491832785055,0.0128526187366901,0.0347614288303469,0.0409417013869603,0.0318841504320806,0.0463437066759381,0.0198761568264085
"SugariteCanyonNMLakeDorotheyCO",-0.0152813668666274,0.0479589029130382,-0.117744656038933,-0.0632824021294011,0.0719426877887882,0.0125620751645493,0.0193111198775623,0.0185209212173408,0.0129565319398636,-0.000540272376569748,0.0412317179783634,0.0601893195430083,0.037474693455765,0.0430743897123402,0.0241884692023401
"SugariteStateRecreationAreaNM",0.0418117657618054,0.0640666487488619,-0.0640518423164789,0.0919321516257577,0.0753001049890811,0.0188892954595539,0.0268692183656757,0.0237344238709433,0.0218318042625376,0.00312173533905936,0.0277657134804342,0.0398525846632971,0.0259852035308168,0.0252111206411502,0.0200139450864728
"SycamoreCreekAZ",-0.318985732117395,-0.55475329089403,-0.498971842479556,-0.0839337117131798,-0.138284083382816,0.0214933871493048,0.0278870059032829,0.0425877239266221,0.00862262531202681,0.00687619345528755,0.035980985863071,0.0417457140059697,0.043331326676064,0.0374235683882318,0.0214233343820183
"TecatePeakCA",-0.221039160027986,-0.173460476960049,-0.621114631601338,-0.110090919758136,0.0205093882075798,0.0153381049146455,0.027648371093127,0.0199402735184649,-0.00046568247736726,0.0142294575243579,0.0390576361078565,0.0444728241404708,0.0324576532650663,0.0450563594354251,0.034243707590464
"TenmileCreekMT",-0.0193590137119196,0.0634295588934504,-0.0566986380791179,-0.0529836349016956,-0.0311833407603157,0.0176136224245221,0.0204660193429514,0.014839659349448,0.0220727564364061,0.0130760545692831,0.0133314883422588,0.0202873813801882,0.00776149643217628,0.00382377502869589,0.0214533005279749
"TetonBasinIDWY",0.00747684294446577,0.0549483006655354,0.132440257461704,-0.131445908716747,-0.0260352776326287,0.00362151484255387,0.00860898046938007,0.00964217656323672,0.0111388135118548,-0.014903911174256,0.0405812160912062,0.0486346597386664,0.0420998307775871,0.0312005776531842,0.0403897961953869
"TigardOR",0.0506247589820818,0.260725782785286,0.432344499639915,-0.260575333445454,-0.229995913051423,0.013337654732928,0.0114151356820346,0.00951088366865291,0.0239763680282907,0.00844823155273391,0.0297315906469082,0.0353863923573473,0.0291873141292001,0.0310227236780178,0.0233299324230678
"TrapperCreekID",0.00478863564601853,0.0518623101858257,0.164421871908669,-0.242822113130369,0.0456924736199482,0.0214928143098951,0.0280612227219306,0.0244225880402289,0.0304874808772083,0.00299996560021325,0.0307918190148969,0.0381872792648418,0.0245284685026221,0.036414590125181,0.0240369381669427
"TwinFalls",-0.0340949305473846,-0.0929644177580367,0.0628299964366316,-0.098117858756359,-0.00812744211177473,0.0263076444796355,0.0336968365737368,0.0270593879498593,0.0405625502268473,0.00391180316809888,0.0501392338556383,0.0609239450508894,0.0457428224650877,0.0581553046881745,0.0357348632184015
"UCLACampusLosAngelesCA",-0.255016461401358,-0.20893000108941,-0.479625970602263,-0.046722721460364,-0.284787152453396,0.00907779107288435,0.0225566687551484,0.0153988481378882,-0.0133811534180935,0.0117368008165942,0.025709311662077,0.0309345594068774,0.0337765310410739,0.0289272447183829,0.00919891148197413
"UpperGallinasRiverWatershed",0.0841292327233169,0.196873091398454,-0.0833113483532148,0.0634151222267927,0.159540065621235,0.0251904345531852,0.0305885010025129,0.0346019433144809,0.0288270096551802,0.00674428424056701,0.0285827037596087,0.0309776176538851,0.028203842701251,0.0290412928620163,0.0261080618212823
"UtopiaOR",-0.024566850010844,-0.0978991836228338,0.124144583307967,-0.108698438886097,-0.0158143608424129,0.01518986319895,0.0173295242202525,0.0161918695605532,0.0177408132747727,0.00949724574022145,0.0400565560022369,0.0466532653681681,0.037364829521829,0.0665611225082761,0.00964700661067448
"VashonIslandWA",0.241778084690474,0.759170734132228,0.540386184089038,-0.196330167261922,-0.136114412197451,0.00978585105769497,0.0109917347447403,0.00319660313275385,0.0169826194866987,0.00797244686658688,0.0283978912377489,0.0336750676112921,0.0269471430008103,0.0311372791342182,0.0218320752046749
"WesternWahkiakumCo",-0.520867652994942,0.280527554085463,0.251171228447737,-0.603816123391902,-2.01135327112107,0.0220992160938225,0.0191552335550992,0.0221588107193411,0.039136663683418,0.00794615641743154,0.00837942239422931,0.0138619056024722,0.0089312255220348,0.00830734742741996,0.0024172110249903
"WestGlacierMT",0.0637754822922808,0.276213487313718,0.298658604751639,-0.213665448350161,-0.106104714546075,0.0200508325115528,0.0297614279693486,0.0112314954744714,0.0279793178791899,0.0112310887232017,0.0222818790229281,0.0346649997720343,0.011940884066771,0.0122631960336855,0.0302584362192219
"WestonPassLakeParkCountiesCO",0.24325898018824,0.310264960081399,0.14691604705084,0.0547591547090177,0.461095758911702,0.0295420062570709,0.030577857438063,0.0364529240677501,0.035894351719188,0.0152428918032824,0.05192132668991,0.0570374158592451,0.0616085030351366,0.0397197965701066,0.0493195912951516
"WhiteMountains",-0.0213459563782367,-0.24147017452865,-0.0966586810390967,-0.152374792291599,0.4051198223464,0.0368346594518596,0.0372570744147969,0.0489477891805677,0.0445849658680611,0.0165488083440126,0.0604663944341318,0.0663088423340599,0.0679569059549546,0.0736253068439003,0.0339745226036123
"WillowSlough",-0.0606338083857094,-0.415386592704775,0.0566048789693388,-0.011758300219124,0.128004780411722,0.0151613674845014,0.0179123146679937,0.0113526173351574,-0.00216391796968434,0.033544455904539,0.0186713170374231,0.0184796226592293,0.0224047962581219,0.0215903394400668,0.0122105097922743
"YellowPineID",-0.184662479207198,-0.179176284650556,0.204230107661009,-0.284975876014958,-0.478727863824289,0.0351596334655156,0.0319479563801872,0.0379189451292257,0.0482905775186967,0.0224810548339532,0.0456213010121993,0.0519843528049105,0.0396164969073571,0.0533470754670042,0.0375372788695253
"YellowstoneNationalPark",0.0197779045887544,0.104321417200322,0.0630236070010134,-0.19257742122728,0.104344015380963,0.0212704508593242,0.0224013927193727,0.0302274817116813,0.0163200378417968,0.0161328911644463,0.0340119638341973,0.0490242854166193,0.0339934338223138,0.023603879168731,0.0294262569291252
"YosemiteNationalPark",-0.063713736774742,-0.773456091614199,0.307561280152121,-0.149303608091713,0.360343472454823,0.0264600443554929,0.0306985405715958,0.030725952931458,0.0392045616941388,0.00521112222477898,0.103044337081568,0.104971768703806,0.0934214636404701,0.110934387537188,0.102849728444807
"YrekaCA",-0.159397358030182,-0.475250639777604,0.0657161915869937,-0.197952924543092,-0.0301020593870242,0.0231096421699136,0.0268349669904125,0.0152855107411236,0.0324672416116105,0.0178508493365074,0.0400369385000933,0.0445386722633222,0.0310968365834481,0.0514942856548595,0.0330179594987433
"YubaPassCA",-0.129908169773219,-1.06349623275249,0.758009746642341,-0.184573469965459,-0.0295727230172598,0.0302704766448183,0.034517142797003,0.0311600331465402,0.0368681986802289,0.0185365319555011,0.0478870666959342,0.0533482658361294,0.041928232342613,0.0557095924202278,0.0405621761847668
